Insider Holder Name,name,first,middle,last,extra,full name,company,company_name,lower_case,Filing Date,Amount Held,% Outstanding,Lastest Change,share_priceELLISON LAWRENCE JOSEPH,Ellison Lawrence Joseph,Lawrence,Joseph,Ellison,,Lawrence Joseph Ellison ,ORCL UN Equity,ORACLE CORP,Oracle Corp,12/26/13,1113634580,24.762,3000000,37.82GATES III WILLIAM HENRY,Gates Iii William Henry,William,Henry,Gates,,William Henry Gates ,MSFT UW Equity,MICROSOFT CORP,Microsoft Corp,11/18/13,358414989,4.293,1008,35.9KINDER RICHARD D,Kinder Richard D,Richard,D,Kinder,,Richard D Kinder ,KMI UN Equity,KINDER MORGAN IN,Kinder Morgan In,9/9/13,241872511,23.35,500000,35.95SCHWAB CHARLES R,Schwab Charles R,Charles,R,Schwab,,Charles R Schwab ,SCHW UN Equity,SCHWAB (CHARLES),Schwab (Charles),11/7/13,163410495,12.675,#N/A N/A,25.9ARISON MICKY MEIR,Arison Micky Meir,Micky,Meir,Arison,,Micky Meir Arison ,CCL UN Equity,CARNIVAL CORP,Carnival Corp,8/7/13,110690090,18.7,4800,39.19OMIDYAR PIERRE M,Omidyar Pierre M,Pierre,M,Omidyar,,Pierre M Omidyar ,EBAY UW Equity,EBAY INC,Ebay Inc,11/1/13,110422308,8.529,-2000000,53.35JOHNSON JR RUPERT HARRIS,Johnson Jr Rupert Harris,Rupert,Harris,Johnson,Jr,Rupert Harris Johnson Jr,BEN UN Equity,FRANKLIN RES INC,Franklin Res Inc,5/16/13,106178151,16.831,-1000000,57.08BEZOS JEFFREY P,Bezos Jeffrey P,Jeffrey,P,Bezos,,Jeffrey P Bezos ,AMZN UW Equity,AMAZON.COM INC,Amazon.Com Inc,11/27/13,84965269,18.562,-4751,399.95PESSINA STEFANO,Pessina Stefano,Stefano,,Pessina,,Stefano  Pessina ,WAG UN Equity,WALGREEN CO,Walgreen Co,7/12/13,72959594,7.679,34439,59.01FILO DAVID,Filo David,David,,Filo,,David  Filo ,YHOO UW Equity,YAHOO! INC,Yahoo! Inc,10/25/13,71061390,7.005,-300000,41.58SCHULZE RICHARD M,Schulze Richard M,Richard,M,Schulze,,Richard M Schulze ,BBY UN Equity,BEST BUY CO INC,Best Buy Co Inc,11/5/13,61454978,17.761,-2000000,38.8MALONE MARY ALICE DOR,Malone Mary Alice Dor,Mary,Alice Dorrance,Malone,,Mary Alice Dorrance Malone ,CPB UN Equity,CAMPBELL SOUP CO,Campbell Soup Co,11/25/13,53214687,16.994,8860,42.64RALES MITCHELL P,Rales Mitchell P,Mitchell,P,Rales,,Mitchell P Rales ,DHR UN Equity,DANAHER CORP,Danaher Corp,3/15/13,48018746,6.887,#N/A N/A,76.59WEXNER LESLIE HERBERT,Wexner Leslie Herbert,Leslie,Herbert,Wexner,,Leslie Herbert Wexner ,LB UN Equity,L BRANDS INC,L Brands Inc,12/2/13,45049155,15.519,#N/A N/A,60.84BENIOFF MARC R,Benioff Marc R,Marc,R,Benioff,,Marc R Benioff ,CRM UN Equity,SALESFORCE.COM,Salesforce.Com,12/28/12,40850000,6.774,850000,56.29KAO MIN H,Kao Min H,Min,H,Kao,,Min H Kao ,GRMN UW Equity,GARMIN LTD,Garmin Ltd,12/14/12,38942580,19.948,-45000,45.47FISHER DORIS F,Fisher Doris F,Doris,F,Fisher,,Doris F Fisher ,GPS UN Equity,GAP INC/THE,Gap Inc/The,2/2/13,38666291,8.612,-266560,38.7GOLISANO BLASE THOMAS,Golisano Blase Thomas,Blase,Thomas,Golisano,,Blase Thomas Golisano ,PAYX UW Equity,PAYCHEX INC,Paychex Inc,7/31/13,37935821,10.416,#N/A N/A,44.75MARRIOTT JR JOHN WILLARD,Marriott Jr John Willard,John,Willard,Marriott,Jr,John Willard Marriott Jr,MAR UW Equity,MARRIOTT INTL-A,Marriott Intl-A,11/15/13,37289700,12.449,#N/A N/A,48.81PULTE WILLIAM J,Pulte William J,William,J,Pulte,,William J Pulte ,PHM UN Equity,PULTEGROUP INC,Pultegroup Inc,3/11/13,35355366,9.23,#N/A N/A,19.77HAYNE RICHARD A,Hayne Richard A,Richard,A,Hayne,,Richard A Hayne ,URBN UW Equity,URBAN OUTFITTER,Urban Outfitter,3/25/13,29717562,20.174,#N/A N/A,38.01STRYKER RONDA E,Stryker Ronda E,Ronda,E,Stryker,,Ronda E Stryker ,SYK UN Equity,STRYKER CORP,Stryker Corp,12/31/13,28672305,7.577,-21000,76.81HORTON DONALD R,Horton Donald R,Donald,R,Horton,,Donald R Horton ,DHI UN Equity,DR HORTON INC,Dr Horton Inc,11/29/13,27322681,8.449,-102254,21.56PATTERSON NEAL L,Patterson Neal L,Neal,L,Patterson,,Neal L Patterson ,CERN UW Equity,CERNER CORP,Cerner Corp,12/27/13,23225648,6.766,#N/A N/A,54.89STEINBERG JOSEPH S,Steinberg Joseph S,Joseph,S,Steinberg,,Joseph S Steinberg ,LUK UN Equity,LEUCADIA NATL,Leucadia Natl,9/30/13,23101993,6.337,#N/A N/A,27.99HUANG JEN-HSUN,Huang Jen-Hsun,Jen-Hsun,,Huang,,Jen-Hsun  Huang ,NVDA UW Equity,NVIDIA CORP,Nvidia Corp,9/18/13,22169313,3.899,1178,16.34SMITH FREDERICK WALL,Smith Frederick Wall,Frederick,Wall,Smith,,Frederick Wall Smith ,FDX UN Equity,FEDEX CORP,Fedex Corp,1/2/14,19625921,6.286,-122554,140.37SCHULTZ HOWARD D,Schultz Howard D,Howard,D,Schultz,,Howard D Schultz ,SBUX UW Equity,STARBUCKS CORP,Starbucks Corp,11/21/13,18784468,2.5,#N/A N/A,77.85GUNTAVSON TAMARA HUGHES,GUNtavson Tamara Hughes,Tamara,Hughes,GUNtavson,,Tamara Hughes GUNtavson ,PSA UN Equity,PUBLIC STORAGE,Public Storage,5/9/13,18549872,10.781,#N/A N/A,149.65JACOBS IRWIN MARK,Jacobs Irwin Mark,Irwin,Mark,Jacobs,,Irwin Mark Jacobs ,QCOM UW Equity,QUALCOMM INC,Qualcomm Inc,3/5/12,18545579,1.098,-66378,73.33TISCH JAMES S,Tisch James S,James,S,Tisch,,James S Tisch ,L UN Equity,LOEWS CORP,Loews Corp,11/18/13,15161110,3.916,65280,46.83COOK SCOTT D,Cook Scott D,Scott,D,Cook,,Scott D Cook ,INTU UW Equity,INTUIT INC,Intuit Inc,12/31/13,13185368,4.629,-16500,76.345SANDBERG SHERYL KARA,Sandberg Sheryl Kara,Sheryl,Kara,Sandberg,,Sheryl Kara Sandberg ,FB UW Equity,FACEBOOK INC-A,Facebook Inc-A,12/19/13,12559422,0.648,-283334,58.17HASSENFELD ALAN GEOFFREY,Hassenfeld Alan Geoffrey,Alan,Geoffrey,Hassenfeld,,Alan Geoffrey Hassenfeld ,HAS UW Equity,HASBRO INC,Hasbro Inc,11/11/13,12489743,9.626,#N/A N/A,53.46KIERLIN ROBERT A,Kierlin Robert A,Robert,A,Kierlin,,Robert A Kierlin ,FAST UW Equity,FASTENAL CO,Fastenal Co,11/5/13,12155380,4.096,-200000,45.56ALLEN III HERBERT ANTHON,Allen Iii Herbert Anthon,Herbert,A,Allen,,Herbert A Allen ,KO UN Equity,COCA-COLA CO/THE,Coca-Cola Co/The,12/16/13,12000000,0.272,#N/A N/A,40.08CARTER MOLLIE HALE,Carter Mollie Hale,Mollie,Hale,Carter,,Mollie Hale Carter ,ADM UN Equity,ARCHER-DANIELS,Archer-Daniels,6/14/13,11465023,1.742,#N/A N/A,42.5WALTON JIM C,Walton Jim C,Jim,C,Walton,,Jim C Walton ,WMT UN Equity,WAL-MART STORES,Wal-Mart Stores,6/7/13,10501672,0.325,#N/A N/A,77.89WYNN STEPHEN A,Wynn Stephen A,Stephen,A,Wynn,,Stephen A Wynn ,WYNN UW Equity,WYNN RESORTS LTD,Wynn Resorts Ltd,3/1/13,10026708,9.912,#N/A N/A,203.11HESS JOHN B,Hess John B,John,B,Hess,,John B Hess ,HES UN Equity,HESS CORP,Hess Corp,12/31/12,9896586,2.932,#N/A N/A,80.87COOPER MILTON,Cooper Milton,Milton,,Cooper,,Milton  Cooper ,KIM UN Equity,KIMCO REALTY,Kimco Realty,8/6/13,9874315,2.41,-5622,20.1LEVINE HOWARD R,Levine Howard R,Howard,R,Levine,,Howard R Levine ,FDO UN Equity,FAMILY DOLLAR ST,Family Dollar St,10/15/13,9307363,8.182,28227,65.48SMITH JR DAVID H B,Smith Jr David H B,David,H B,Smith,Jr,David H B Smith Jr,ITW UN Equity,ILLINOIS TOOL WO,Illinois Tool Wo,5/3/13,9183192,2.069,1597,82.34KRIENS SCOTT G,Kriens Scott G,Scott,G,Kriens,,Scott G Kriens ,JNPR UN Equity,JUNIPER NETWORKS,Juniper Networks,5/22/13,8684218,1.72,5531,22.87MARRIOTT RICHARD EDWIN,Marriott Richard Edwin,Richard,Edwin,Marriott,,Richard Edwin Marriott ,HST UN Equity,HOST HOTELS & RE,Host Hotels & Re,12/31/12,8564458,1.132,-114951,19.19BUENO EDSON DE GODOY,Bueno Edson De Godoy,Edson,de Godoy,Bueno,,Edson de Godoy Bueno ,UNH UN Equity,UNITEDHEALTH GRP,Unitedhealth Grp,12/21/12,8416905,0.836,#N/A N/A,75.91ISENBERG EUGENE M,Isenberg Eugene M,Eugene,M,Isenberg,,Eugene M Isenberg ,NBR UN Equity,NABORS INDS LTD,Nabors Inds Ltd,1/20/12,8082484,2.738,500473,16.7IRANI RAY R,Irani Ray R,Ray,R,Irani,,Ray R Irani ,OXY UN Equity,OCCIDENTAL PETE,Occidental Pete,12/21/12,7929622,0.984,-49245,94.88ROBERTS BRIAN L,Roberts Brian L,Brian,L,Roberts,,Brian L Roberts ,CMCSA UW Equity,COMCAST CORP-A,Comcast Corp-A,10/23/13,7926206,0.371,#N/A N/A,52.9RYAN VINCENT J,Ryan Vincent J,Vincent,J,Ryan,,Vincent J Ryan ,IRM UN Equity,IRON MOUNTAIN,Iron Mountain,6/14/13,7013021,3.668,9090,28.8MCCAUNLAND PETER,MccaUNland Peter,Peter,,MccaUNland,,Peter  MccaUNland ,ARG UN Equity,AIRGAS INC,Airgas Inc,3/31/13,6674401,9.05,#N/A N/A,109.21FLORES JAMES C,Flores James C,James,C,Flores,,James C Flores ,FCX UN Equity,FREEPORT-MCMORAN,Freeport-Mcmoran,10/25/13,6617121,0.637,1000000,36.45KELLOGG WILLIAM S,Kellogg William S,William,S,Kellogg,,William S Kellogg ,KSS UN Equity,KOHLS CORP,Kohls Corp,3/27/13,6363673,2.972,7,54.76KARTSOTIS KOSTA N,Kartsotis Kosta N,Kosta,N,Kartsotis,,Kosta N Kartsotis ,FOSL UW Equity,FOSSIL GROUP INC,Fossil Group Inc,7/26/13,6319076,11.447,#N/A N/A,118.25STARKS DANIEL J,Starks Daniel J,Daniel,J,Starks,,Daniel J Starks ,STJ UN Equity,ST JUDE MEDICAL,St Jude Medical,12/17/13,6191625,2.122,5509,65MULALLY ALAN R,Mulally Alan R,Alan,R,Mulally,,Alan R Mulally ,F UN Equity,FORD MOTOR CO,Ford Motor Co,4/25/13,5970377,0.154,1826,15.608DIMON JAMES,Dimon James,James,,Dimon,,James  Dimon ,JPM UN Equity,JPMORGAN CHASE,Jpmorgan Chase,1/13/13,5781424,0.154,101982,58.76FARMER RICHARD T,Farmer Richard T,Richard,T,Farmer,,Richard T Farmer ,CTAS UW Equity,CINTAS CORP,Cintas Corp,8/1/13,5399002,4.506,5000000,59.2SCHIFF JR JOHN J,Schiff Jr John J,John,J,Schiff,Jr,John J Schiff Jr,CINF UW Equity,CINCINNATI FIN,Cincinnati Fin,12/3/13,5325412,3.251,-20001,50.8SANGHI STEVE,Sanghi Steve,Steve,,Sanghi,,Steve  Sanghi ,MCHP UW Equity,MICROCHIP TECH,Microchip Tech,1/2/14,5029672,2.536,#N/A N/A,45.2MURPHY ROBERT MADISON,Murphy Robert Madison,Robert,Madison,Murphy,,Robert Madison Murphy ,MUR UN Equity,MURPHY OIL CORP,Murphy Oil Corp,2/1/13,4876260,2.608,4797,62.69MCGRAW III HAROLD W,Mcgraw Iii Harold W,Harold,W,Mcgraw,,Harold W Mcgraw ,MHFI UN Equity,MCGRAW HILL FINA,Mcgraw Hill Fina,10/28/13,4506714,1.664,-1596,77.9KORS MICHAEL DAVID,Kors Michael David,Michael,David,Kors,,Michael David Kors ,KORS UN Equity,MICHAEL KORS HOL,Michael Kors Hol,8/30/13,4435020,2.176,-42000,76.7DILLER BARRY,Diller Barry,Barry,,Diller,,Barry  Diller ,EXPE UW Equity,EXPEDIA INC,Expedia Inc,2/28/13,4408396,3.75,6069,71.39NICHOLAS PETER M,Nicholas Peter M,Peter,M,Nicholas,,Peter M Nicholas ,BSX UN Equity,BOSTON SCIENTIFC,Boston Scientifc,5/7/13,4271856,0.32,22756,12.73ZELL SAMUEL,Zell Samuel,Samuel,,Zell,,Samuel  Zell ,EQR UN Equity,EQUITY RESIDENTI,Equity Residenti,3/18/13,4180224,1.16,#N/A N/A,53.13MORGAN JAMES C,Morgan James C,James,C,Morgan,,James C Morgan ,AMAT UW Equity,APPLIED MATERIAL,Applied Material,2/25/09,4063191,0.337,#N/A N/A,17.4MARTIN JOHN C,Martin John C,John,C,Martin,,John C Martin ,GILD UW Equity,GILEAD SCIENCES,Gilead Sciences,1/2/14,4057121,0.265,#N/A N/A,74.04GRAINGER DAVID W,Grainger David W,David,W,Grainger,,David W Grainger ,GWW UN Equity,WW GRAINGER INC,Ww Grainger Inc,8/9/13,3994362,5.755,-408187,251.84EDELMAN THOMAS J,Edelman Thomas J,Thomas,J,Edelman,,Thomas J Edelman ,NBL UN Equity,NOBLE ENERGY INC,Noble Energy Inc,12/20/13,3938244,1.096,-14000,65.98AMOS DANIEL P,Amos Daniel P,Daniel,P,Amos,,Daniel P Amos ,AFL UN Equity,AFLAC INC,Aflac Inc,12/31/13,3927681,0.843,-118490,64.95LEIGHTON F THOMSON,Leighton F Thomson,F,Thomson,Leighton,,F Thomson Leighton ,AKAM UW Equity,AKAMAI TECHNOLOG,Akamai Technolog,12/5/13,3828876,2.139,25000,46.95DILLON DONALD F,Dillon Donald F,Donald,F,Dillon,,Donald F Dillon ,FISV UW Equity,FISERV INC,Fiserv Inc,5/24/13,3774218,1.463,-10658,58.21FRECHETTE PETER L,Frechette Peter L,Peter,L,Frechette,,Peter L Frechette ,PDCO UW Equity,PATTERSON COS,Patterson Cos,8/23/13,3729112,3.534,-246851,41.39GREENE RONALD G,Greene Ronald G,Ronald,G,Greene,,Ronald G Greene ,DNR UN Equity,DENBURY RESOURCE,Denbury Resource,12/31/13,3697538,1.008,1309,16.53FLANAGAN MARTIN L,Flanagan Martin L,Martin,L,Flanagan,,Martin L Flanagan ,IVZ UN Equity,INVESCO LTD,Invesco Ltd,2/28/13,3683364,0.832,#N/A N/A,36.48MANOOGIAN RICHARD ALEXAN,Manoogian Richard Alexan,Richard,Alexan,Manoogian,,Richard Alexan Manoogian ,MAS UN Equity,MASCO CORP,Masco Corp,11/14/13,3602452,1.009,-300000,23.09LAPENTA ROBERT V,Lapenta Robert V,Robert,V,Lapenta,,Robert V Lapenta ,LLL UN Equity,L-3 COMM HLDGS,L-3 Comm Hldgs,6/26/00,3601142,4.063,#N/A N/A,105.22WILMERS ROBERT G,Wilmers Robert G,Robert,G,Wilmers,,Robert G Wilmers ,MTB UN Equity,M&T BANK CORP,M&T Bank Corp,1/31/13,3597961,2.763,#N/A N/A,115.76MOGHADAM HAMID R,Moghadam Hamid R,Hamid,R,Moghadam,,Hamid R Moghadam ,PLD UN Equity,PROLOGIS INC,Prologis Inc,5/20/13,3569930,0.716,24255,37.68WILDEROTTER MARY AGNES,Wilderotter Mary Agnes,Mary,Agnes,Wilderotter,,Mary Agnes Wilderotter ,FTR UW Equity,FRONTIER COMMUNI,Frontier Communi,7/29/13,3520809,0.352,-36785,4.73MANDELBAUM DAVID M,Mandelbaum David M,David,M,Mandelbaum,,David M Mandelbaum ,VNO UN Equity,VORNADO RLTY TST,Vornado Rlty Tst,3/25/13,3448838,1.844,#N/A N/A,90.07MARGOLIS ROBERT J,Margolis Robert J,Robert,J,Margolis,,Robert J Margolis ,DVA UN Equity,DAVITA HEALTHCAR,Davita Healthcar,12/31/12,3327494,1.564,#N/A N/A,65.26HARARI ELI,Harari Eli,Eli,,Harari,,Eli  Harari ,SNDK UW Equity,SANDISK CORP,Sandisk Corp,1/2/11,3283017,1.453,#N/A N/A,72.35HERMANCE JR RONALD E,Hermance Jr Ronald E,Ronald,E,Hermance,Jr,Ronald E Hermance Jr,HCBK UW Equity,HUDSON CITY BNCP,Hudson City Bncp,9/17/13,3198540,0.605,4975,9.38MCCLENDON AUBREY K,Mcclendon Aubrey K,Aubrey,K,Mcclendon,,Aubrey K Mcclendon ,CHK UN Equity,CHESAPEAKE ENERG,Chesapeake Energ,3/31/13,3187201,0.479,#N/A N/A,25.89BERTHIAUME DOUGLAS A,Berthiaume Douglas A,Douglas,A,Berthiaume,,Douglas A Berthiaume ,WAT UN Equity,WATERS CORP,Waters Corp,12/3/13,3183330,3.739,-10049,100.97PIGOTT MARK CHARLES,Pigott Mark Charles,Mark,Charles,Pigott,,Mark Charles Pigott ,PCAR UW Equity,PACCAR INC,Paccar Inc,12/5/13,3164812,0.894,257,58.72BROCK JR MACON F,Brock Jr Macon F,Macon,F,Brock,Jr,Macon F Brock Jr,DLTR UW Equity,DOLLAR TREE INC,Dollar Tree Inc,7/1/13,3136040,1.507,-71000,56.5DINGES DAN O,Dinges Dan O,Dan,O,Dinges,,Dan O Dinges ,COG UN Equity,CABOT OIL & GAS,Cabot Oil & Gas,12/12/13,3123134,0.74,#N/A N/A,39.05CHAMBERS JOHN T,Chambers John T,John,T,Chambers,,John T Chambers ,CSCO UW Equity,CISCO SYSTEMS,Cisco Systems,9/11/13,3098733,0.058,-82837,22.22KELLEHER HERBERT D,Kelleher Herbert D,Herbert,D,Kelleher,,Herbert D Kelleher ,LUV UN Equity,SOUTHWEST AIR,Southwest Air,7/28/08,3074737,0.441,-200000,19.69EISENBERG WARREN,Eisenberg Warren,Warren,,Eisenberg,,Warren  Eisenberg ,BBBY UW Equity,BED BATH &BEYOND,Bed Bath &Beyond,5/12/13,3036655,1.414,1490,79.69LAUDER LEONARD ALAN,Lauder Leonard Alan,Leonard,Alan,Lauder,,Leonard Alan Lauder ,EL UN Equity,ESTEE LAUDER,Estee Lauder,12/26/13,2876338,1.202,#N/A N/A,73.65CAMMARATA BERNARD,Cammarata Bernard,Bernard,,Cammarata,,Bernard  Cammarata ,TJX UN Equity,TJX COS INC,Tjx Cos Inc,8/23/13,2745780,0.386,#N/A N/A,63.02ORBAN GEORGE P,Orban George P,George,P,Orban,,George P Orban ,ROST UW Equity,ROSS STORES INC,Ross Stores Inc,5/22/13,2742720,1.276,1918,73.36KENNEDY III JAMES,Kennedy Iii James,Iii,James,Kennedy,,Iii James Kennedy ,TROW UW Equity,T ROWE PRICE GRP,T Rowe Price Grp,12/20/13,2739193,1.05,-5138,83.76HELMERICH HANS C,Helmerich Hans C,Hans,C,Helmerich,,Hans C Helmerich ,HP UN Equity,HELMERICH & PAYN,Helmerich & Payn,12/17/13,2714046,2.533,-37899,84.14HERMANCE FRANK S,Hermance Frank S,Frank,S,Hermance,,Frank S Hermance ,AME UN Equity,AMETEK INC,Ametek Inc,12/31/13,2599078,1.062,4064,51.93STEINOUR STEPHEN D,Steinour Stephen D,Stephen,D,Steinour,,Stephen D Steinour ,HBAN UW Equity,HUNTINGTON BANC,Huntington Banc,5/13/13,2597738,0.313,5945,9.71NORDSTROM BLAKE W,Nordstrom Blake W,Blake,W,Nordstrom,,Blake W Nordstrom ,JWN UN Equity,NORDSTROM INC,Nordstrom Inc,12/10/13,2398012,1.24,#N/A N/A,59.81GOTTESMAN DAVID S,Gottesman David S,David,S,Gottesman,,David S Gottesman ,BRK/B UN Equity,BERKSHIRE HATH-B,Berkshire Hath-B,3/1/13,2393398,0.205,-156026,115.76MURDOCH JAMES RUPERT,Murdoch James Rupert,James,Rupert,Murdoch,,James Rupert Murdoch ,FOXA UW Equity,TWENTY-FIRST C-A,Twenty-First C-A,11/13/13,2389320,0.161,-455000,34.43STATA RAY,Stata Ray,Ray,,Stata,,Ray  Stata ,ADI UW Equity,ANALOG DEVICES,Analog Devices,12/30/13,2263247,0.728,-20000,49.81KORELL HAROLD M,Korell Harold M,Harold,M,Korell,,Harold M Korell ,SWN UN Equity,SOUTHWESTRN ENGY,Southwestrn Engy,12/5/13,2250095,0.64,-161628,39.07SMUCKER RICHARD KIM,Smucker Richard Kim,Richard,Kim,Smucker,,Richard Kim Smucker ,SJM UN Equity,JM SMUCKER CO,Jm Smucker Co,6/10/13,2243970,2.134,18905,99.01SARGENT RONALD L,Sargent Ronald L,Ronald,L,Sargent,,Ronald L Sargent ,SPLS UW Equity,STAPLES INC,Staples Inc,7/5/13,2205562,0.337,-68806,15.575WARMENHOVEN DANIEL J,Warmenhoven Daniel J,Daniel,J,Warmenhoven,,Daniel J Warmenhoven ,NTAP UW Equity,NETAPP INC,Netapp Inc,12/31/13,2194122,0.644,#N/A N/A,40.85RENWICK GLENN M,Renwick Glenn M,Glenn,M,Renwick,,Glenn M Renwick ,PGR UN Equity,PROGRESSIVE CORP,Progressive Corp,1/1/14,2193763,0.366,-104167,25.87MOREAN WILLIAM D,Morean William D,William,D,Morean,,William D Morean ,JBL UN Equity,JABIL CIRCUIT,Jabil Circuit,1/23/13,2178904,1.072,#N/A N/A,16.8BLANKFEIN LLOYD C,Blankfein Lloyd C,Lloyd,C,Blankfein,,Lloyd C Blankfein ,GS UN Equity,GOLDMAN SACHS GP,Goldman Sachs Gp,12/31/12,2161459,0.477,32820,177.94TILLERSON REX W,Tillerson Rex W,Rex,W,Tillerson,,Rex W Tillerson ,XOM UN Equity,EXXON MOBIL CORP,Exxon Mobil Corp,12/18/13,2127390,0.049,-688,100.36FAIRBANK RICHARD DANA,Fairbank Richard Dana,Richard,Dana,Fairbank,,Richard Dana Fairbank ,COF UN Equity,CAPITAL ONE FINA,Capital One Fina,11/18/13,2104104,0.365,-108338,77.45GOULD ANDREW F J,Gould Andrew F J,Andrew,F J,Gould,,Andrew F J Gould ,SLB UN Equity,SCHLUMBERGER LTD,Schlumberger Ltd,2/17/12,2063639,0.157,#N/A N/A,86.49FRANKFORT LEW,Frankfort Lew,Lew,,Frankfort,,Lew  Frankfort ,COH UN Equity,COACH INC,Coach Inc,10/24/13,2053141,0.732,21000,56.09PINKERTON JOHN H,Pinkerton John H,John,H,Pinkerton,,John H Pinkerton ,RRC UN Equity,RANGE RESOURCES,Range Resources,5/22/13,2033682,1.244,63521,83.02FARR DAVID N,Farr David N,David,N,Farr,,David N Farr ,EMR UN Equity,EMERSON ELEC CO,Emerson Elec Co,12/18/13,1924519,0.273,22407,68.61IMMELT JEFFREY R,Immelt Jeffrey R,Jeffrey,R,Immelt,,Jeffrey R Immelt ,GE UN Equity,GENERAL ELECTRIC,General Electric,12/31/12,1921765,0.019,#N/A N/A,27.23NELMS DAVID W,Nelms David W,David,W,Nelms,,David W Nelms ,DFS UN Equity,DISCOVER FINANCI,Discover Financi,12/23/13,1907193,0.4,#N/A N/A,54.89BURNS URSULA M,Burns Ursula M,Ursula,M,Burns,,Ursula M Burns ,XRX UN Equity,XEROX CORP,Xerox Corp,7/1/13,1902886,0.155,723858,12.132TUCCI JOSEPH M,Tucci Joseph M,Joseph,M,Tucci,,Joseph M Tucci ,EMC UN Equity,EMC CORP/MA,Emc Corp/Ma,8/8/13,1836242,0.089,-13248,25.65TYSON JOHN H,Tyson John H,John,H,Tyson,,John H Tyson ,TSN UN Equity,TYSON FOODS-A,Tyson Foods-A,11/22/13,1817628,0.664,#N/A N/A,33.38LUCZO STEPHEN J,Luczo Stephen J,Stephen,J,Luczo,,Stephen J Luczo ,STX UW Equity,SEAGATE TECHNOLO,Seagate Technolo,11/4/13,1807601,0.554,31869,60.11FARACI JOHN VINCENT,Faraci John Vincent,John,Vincent,Faraci,,John Vincent Faraci ,IP UN Equity,INTL PAPER CO,Intl Paper Co,1/2/14,1754974,0.396,169495,48.92BERAN DAVID R,Beran David R,David,R,Beran,,David R Beran ,MO UN Equity,ALTRIA GROUP INC,Altria Group Inc,2/7/13,1750184,0.087,#N/A N/A,37.31SINEGAL JAMES D,Sinegal James D,James,D,Sinegal,,James D Sinegal ,COST UW Equity,COSTCO WHOLESALE,Costco Wholesale,12/16/13,1730950,0.394,-8000,114.06MCDONNELL JOHN FINNEY,Mcdonnell John Finney,John,Finney,Mcdonnell,,John Finney Mcdonnell ,BA UN Equity,BOEING CO/THE,Boeing Co/The,1/31/12,1710334,0.228,970,140.54DURCAN D MARK,Durcan D Mark,D,Mark,Durcan,,D Mark Durcan ,MU UW Equity,MICRON TECH,Micron Tech,10/16/13,1680599,0.159,#N/A N/A,23.965WADDELL M KEITH,Waddell M Keith,M,Keith,Waddell,,M Keith Waddell ,RHI UN Equity,ROBERT HALF INTL,Robert Half Intl,12/31/13,1654153,1.193,-84777,41.1SCRIPPS KATHY,Scripps Kathy,Kathy,,Scripps,,Kathy  Scripps ,SNI UN Equity,SCRIPPS NET-CL A,Scripps Net-Cl A,12/24/13,1638108,1.466,#N/A N/A,84.44MOONVES LESLIE,Moonves Leslie,Leslie,,Moonves,,Leslie  Moonves ,CBS UN Equity,CBS CORP-B,Cbs Corp-B,11/15/13,1635243,0.292,-267037,62.9MATHRANI SANDEEP,Mathrani Sandeep,Sandeep,,Mathrani,,Sandeep  Mathrani ,GGP UN Equity,GENERAL GROWTH P,General Growth P,12/31/12,1601958,0.176,1958,20.31GARDNER JEFFERY R,Gardner Jeffery R,Jeffery,R,Gardner,,Jeffery R Gardner ,WIN UW Equity,WINDSTREAM HOLDI,Windstream Holdi,6/7/13,1599089,0.268,500,8MILLER STUART A,Miller Stuart A,Stuart,A,Miller,,Stuart A Miller ,LEN UN Equity,LENNAR CORP-A,Lennar Corp-A,11/30/13,1582214,0.97,-104876,38.69MONTAG THOMAS KELL,Montag Thomas Kell,Thomas,Kell,Montag,,Thomas Kell Montag ,BAC UN Equity,BANK OF AMERICA,Bank Of America,3/1/13,1532849,0.014,#N/A N/A,16.623MAROONE MICHAEL E,Maroone Michael E,Michael,E,Maroone,,Michael E Maroone ,AN UN Equity,AUTONATION INC,Autonation Inc,9/12/13,1530946,1.257,-300940,48.96O'REILLY DAVID E,O'Reilly David E,David,E,O'Reilly,,David E O'Reilly ,ORLY UW Equity,O'REILLY AUTOMOT,O'Reilly Automot,10/31/13,1469008,1.369,-1803,132.77CAMILLERI LOUIS C,Camilleri Louis C,Louis,C,Camilleri,,Louis C Camilleri ,PM UN Equity,PHILIP MORRIS IN,Philip Morris In,12/4/13,1463294,0.091,-59999,83.76WATSON NOEL G,Watson Noel G,Noel,G,Watson,,Noel G Watson ,JEC UN Equity,JACOBS ENGIN GRP,Jacobs Engin Grp,12/18/13,1448145,1.099,-35,63.32WHITE MILES D,White Miles D,Miles,D,White,,Miles D White ,ABT UN Equity,ABBOTT LABS,Abbott Labs,12/20/13,1428639,0.092,-570,38.87LAFLEY ALAN GEORGE,Lafley Alan George,Alan,George,Lafley,,Alan George Lafley ,PG UN Equity,PROCTER & GAMBLE,Procter & Gamble,11/15/13,1395454,0.051,#N/A N/A,80.21SMITH JR DAVID H B,Smith Jr David H B,David,H B,Smith,Jr,David H B Smith Jr,NTRS UW Equity,NORTHERN TRUNT,Northern TrUNt,4/16/13,1387657,0.581,1920,61.79HICKEY WILLIAM V,Hickey William V,William,V,Hickey,,William V Hickey ,SEE UN Equity,SEALED AIR CORP,Sealed Air Corp,5/16/13,1358744,0.693,3811,33.84MACDONNELL ROBERT I,Macdonnell Robert I,Robert,I,Macdonnell,,Robert I Macdonnell ,SWY UN Equity,SAFEWAY INC,Safeway Inc,3/23/10,1354504,0.561,#N/A N/A,31.9STUBBS MICHAEL B,Stubbs Michael B,Michael,B,Stubbs,,Michael B Stubbs ,DOV UN Equity,DOVER CORP,Dover Corp,11/15/13,1330992,0.781,-282857,94.3ROSENFELD IRENE B,Rosenfeld Irene B,Irene,B,Rosenfeld,,Irene B Rosenfeld ,MDLZ UW Equity,MONDELEZ INTER-A,Mondelez Inter-A,2/22/13,1326132,0.076,-44673,34.64SACKS RODNEY CYRIL,Sacks Rodney Cyril,Rodney,Cyril,Sacks,,Rodney Cyril Sacks ,MNST UW Equity,MONSTER BEVERAGE,Monster Beverage,1/3/14,1322220,0.789,-200300,69TEMPLETON RICHARD K,Templeton Richard K,Richard,K,Templeton,,Richard K Templeton ,TXN UW Equity,TEXAS INSTRUMENT,Texas Instrument,11/21/13,1306245,0.119,-71846,43NICHOLS JOHN LARRY,Nichols John Larry,John,Larry,Nichols,,John Larry Nichols ,DVN UN Equity,DEVON ENERGY CO,Devon Energy Co,12/8/13,1299441,0.32,-10325,61.45OTELLINI PAUL S,Otellini Paul S,Paul,S,Otellini,,Paul S Otellini ,INTC UW Equity,INTEL CORP,Intel Corp,4/24/13,1298045,0.026,9677,25.41TAUBMAN PAUL JEFFREY,Taubman Paul Jeffrey,Paul,Jeffrey,Taubman,,Paul Jeffrey Taubman ,MS UN Equity,MORGAN STANLEY,Morgan Stanley,1/20/12,1281498,0.066,#N/A N/A,31.63SCHULER JACK W,Schuler Jack W,Jack,W,Schuler,,Jack W Schuler ,SRCL UW Equity,STERICYCLE INC,Stericycle Inc,12/31/13,1267249,1.479,-900,115.49COOK IAN M,Cook Ian M,Ian,M,Cook,,Ian M Cook ,CL UN Equity,COLGATE-PALMOLIV,Colgate-Palmoliv,12/5/13,1260553,0.136,-15085,63.72CALHOUN DAVID L,Calhoun David L,David,L,Calhoun,,David L Calhoun ,NLSN UN Equity,NIELSEN HOLDINGS,Nielsen Holdings,9/25/13,1250000,0.33,#N/A N/A,45.03PAPA MARK G,Papa Mark G,Mark,G,Papa,,Mark G Papa ,EOG UN Equity,EOG RESOURCES,Eog Resources,12/13/13,1247862,0.457,-1736,167.39ANDERSON RICHARD H,Anderson Richard H,Richard,H,Anderson,,Richard H Anderson ,DAL UN Equity,DELTA AIR LI,Delta Air Li,12/26/13,1244688,0.145,-25000,29.53BROCK JOHN F,Brock John F,John,F,Brock,,John F Brock ,CCE UN Equity,COCA-COLA ENTER,Coca-Cola Enter,12/31/13,1237864,0.477,#N/A N/A,44.13SIMMONS HARRIS H,Simmons Harris H,Harris,H,Simmons,,Harris H Simmons ,ZION UW Equity,ZIONS BANCORP,Zions Bancorp,12/24/13,1218104,0.66,#N/A N/A,29.83BREEN EDWARD D,Breen Edward D,Edward,D,Breen,,Edward D Breen ,TYC UN Equity,TYCO INTL LTD,Tyco Intl Ltd,11/20/13,1200602,0.258,18855,41.36IGER ROBERT A,Iger Robert A,Robert,A,Iger,,Robert A Iger ,DIS UN Equity,WALT DISNEY CO,Walt Disney Co,5/14/13,1178558,0.067,#N/A N/A,75.35HENDRICKS JOHN S,Hendricks John S,John,S,Hendricks,,John S Hendricks ,DISCA UW Equity,DISCOVERY COMM-A,Discovery Comm-A,12/27/13,1178230,0.804,#N/A N/A,85.1DAUMAN PHILIPPE P,Dauman Philippe P,Philippe,P,Dauman,,Philippe P Dauman ,VIAB UW Equity,VIACOM INC-B,Viacom Inc-B,11/13/13,1174134,0.297,124946,86.34FINK LAURENCE DOUGL,Fink Laurence Dougl,Laurence,Douglas,Fink,,Laurence Douglas Fink ,BLK UN Equity,BLACKROCK INC,Blackrock Inc,10/24/13,1171323,0.701,-14715,317.75MANGANELLO TIMOTHY M,Manganello Timothy M,Timothy,M,Manganello,,Timothy M Manganello ,BWA UN Equity,BORGWARNER INC,Borgwarner Inc,2/12/13,1157066,0.508,323034,56.75BROWN FRAZIER OWSLEY,Brown Frazier Owsley,Frazier,Owsley,Brown,,Frazier Owsley Brown ,BF/B UN Equity,BROWN-FORMAN -B,Brown-Forman -B,7/16/12,1150623,0.894,1000000,74.02DOLAN JAMES L,Dolan James L,James,L,Dolan,,James L Dolan ,CVC UN Equity,CABLEVISION SY-A,Cablevision Sy-A,3/10/13,1146403,0.537,-60491,16.84READ IAN C,Read Ian C,Ian,C,Read,,Ian C Read ,PFE UN Equity,PFIZER INC,Pfizer Inc,10/28/13,1144979,0.018,#N/A N/A,30.849LEWIS EARL R,Lewis Earl R,Earl,R,Lewis,,Earl R Lewis ,FLIR UW Equity,FLIR SYSTEMS,Flir Systems,4/30/13,1140645,0.805,#N/A N/A,33.37KLESSE WILLIAM R,Klesse William R,William,R,Klesse,,William R Klesse ,VLO UN Equity,VALERO ENERGY,Valero Energy,11/8/13,1135589,0.21,#N/A N/A,50.71GALLOGLY JAMES LAWRENCE,Gallogly James Lawrence,James,Lawrence,Gallogly,,James Lawrence Gallogly ,LYB UN Equity,LYONDELLBASELL-A,Lyondellbasell-A,12/31/13,1120106,0.203,#N/A N/A,79.25GERBER MURRY S,Gerber Murry S,Murry,S,Gerber,,Murry S Gerber ,EQT UN Equity,EQT CORP,Eqt Corp,11/17/11,1115832,0.74,-38690,87.94WARD MICHAEL J,Ward Michael J,Michael,J,Ward,,Michael J Ward ,CSX UN Equity,CSX CORP,Csx Corp,8/8/13,1113038,0.11,-40000,28.07DILLON DAVID B,Dillon David B,David,B,Dillon,,David B Dillon ,KR UN Equity,KROGER CO,Kroger Co,12/10/13,1109524,0.215,-5000,39.19WIRTA RAYMOND,Wirta Raymond,Raymond,,Wirta,,Raymond  Wirta ,CBG UN Equity,CBRE GROUP INC-A,Cbre Group Inc-A,7/30/13,1074696,0.324,3151,26.02YANCOPOULOS GEORGE D,Yancopoulos George D,George,D,Yancopoulos,,George D Yancopoulos ,REGN UW Equity,REGENERON PHARM,Regeneron Pharm,12/19/13,1073934,1.103,4705,274.98HAFFNER DAVID S,Haffner David S,David,S,Haffner,,David S Haffner ,LEG UN Equity,LEGGETT & PLATT,Leggett & Platt,1/2/14,1064365,0.754,-10178,30.51GREENBERG EVAN G,Greenberg Evan G,Evan,G,Greenberg,,Evan G Greenberg ,ACE UN Equity,ACE LTD,Ace Ltd,12/11/13,1055370,0.31,-994,99.36ROGERS MICHAEL F,Rogers Michael F,Michael,F,Rogers,,Michael F Rogers ,STT UN Equity,STATE ST CORP,State St Corp,8/28/13,1054927,0.24,-274897,74.86ROGERS JAMES E,Rogers James E,James,E,Rogers,,James E Rogers ,DUK UN Equity,DUKE ENERGY CORP,Duke Energy Corp,12/31/13,1044246,0.148,-3398,67.68ROSE PETER J,Rose Peter J,Peter,J,Rose,,Peter J Rose ,EXPD UW Equity,EXPEDITORS INTL,Expeditors Intl,11/14/13,1037766,0.505,#N/A N/A,42.92MACKEY JOHN P,Mackey John P,John,P,Mackey,,John P Mackey ,WFM UW Equity,WHOLE FOODS MKT,Whole Foods Mkt,11/8/13,1035333,0.278,#N/A N/A,54.41BELL LEONARD,Bell Leonard,Leonard,,Bell,,Leonard  Bell ,ALXN UW Equity,ALEXION PHARM,Alexion Pharm,12/19/13,1031957,0.526,5664,133.91SKAGGS JR ROBERT C,Skaggs Jr Robert C,Robert,C,Skaggs,Jr,Robert C Skaggs Jr,NI UN Equity,NISOURCE INC,Nisource Inc,8/27/13,1029946,0.329,191,33.02HASSELL GERALD L,Hassell Gerald L,Gerald,L,Hassell,,Gerald L Hassell ,BK UN Equity,BANK NY MELLON,Bank Ny Mellon,11/11/13,1029820,0.09,-48957,34.7ERIKSON SHELDON R,Erikson Sheldon R,Sheldon,R,Erikson,,Sheldon R Erikson ,CAM UN Equity,CAMERON INTERNAT,Cameron Internat,5/10/13,1027095,0.432,6561,58.64MARTIRE FRANK R,Martire Frank R,Frank,R,Martire,,Frank R Martire ,FIS UN Equity,FIDELITY NATIONA,Fidelity Nationa,12/3/13,1011033,0.346,-2377,53.09HASTINGS REED,Hastings Reed,Reed,,Hastings,,Reed  Hastings ,NFLX UW Equity,NETFLIX INC,Netflix Inc,12/26/13,1002215,1.691,#N/A N/A,345.35KLEINFELD KLAUN,Kleinfeld KlaUN,KlaUN,,Kleinfeld,,KlaUN  Kleinfeld ,AA UN Equity,ALCOA INC,Alcoa Inc,1/28/13,998918,0.093,-201574,10.61JELLISON BRIAN D,Jellison Brian D,Brian,D,Jellison,,Brian D Jellison ,ROP UN Equity,ROPER INDS,Roper Inds,11/30/13,993800,1.001,-62925,137.77MCCLANAHAN DAVID M,Mcclanahan David M,David,M,Mcclanahan,,David M Mcclanahan ,CNP UN Equity,CENTERPOINT ENER,Centerpoint Ener,12/3/13,987679,0.23,#N/A N/A,22.88LORD ALBERT L,Lord Albert L,Albert,L,Lord,,Albert L Lord ,SLM UW Equity,SLM CORP,Slm Corp,5/1/13,984633,0.226,#N/A N/A,26.25ZUCKERMAN MORTIMER BENJA,Zuckerman Mortimer Benja,Mortimer,Benja,Zuckerman,,Mortimer Benja Zuckerman ,BXP UN Equity,BOSTON PROPERTIE,Boston Propertie,2/1/13,975112,0.638,#N/A N/A,103.18CAZALOT JR CLARENCE P,Cazalot Jr Clarence P,Clarence,P,Cazalot,Jr,Clarence P Cazalot Jr,MRO UN Equity,MARATHON OIL,Marathon Oil,1/31/13,969349,0.139,#N/A N/A,34.49MEDINA-MORA MANUEL,Medina-Mora Manuel,Manuel,,Medina-Mora,,Manuel  Medina-Mora ,C UN Equity,CITIGROUP INC,Citigroup Inc,2/19/13,967876,0.032,73995,54.98COLSON JOHN R,Colson John R,John,R,Colson,,John R Colson ,PWR UN Equity,QUANTA SERVICES,Quanta Services,5/23/13,966798,0.455,-66771,31.4FETTER TREVOR,Fetter Trevor,Trevor,,Fetter,,Trevor  Fetter ,THC UN Equity,TENET HEALTHCARE,Tenet Healthcare,3/4/13,966767,0.974,-138255,44.69FARRELL II THOMAS F,Farrell Ii Thomas F,Thomas,F,Farrell,,Thomas F Farrell ,D UN Equity,DOMINION RES/VA,Dominion Res/Va,12/20/13,965584,0.166,1008,64.82SOLOMON HOWARD,Solomon Howard,Howard,,Solomon,,Howard  Solomon ,FRX UN Equity,FOREST LABS INC,Forest Labs Inc,12/5/13,964881,0.358,-9301,67.95HART PATTI S,Hart Patti S,Patti,S,Hart,,Patti S Hart ,IGT UN Equity,INTL GAME TECH,Intl Game Tech,12/16/13,949647,0.364,104515,17.57STEPHENSON RANDALL L,Stephenson Randall L,Randall,L,Stephenson,,Randall L Stephenson ,T UN Equity,AT&T INC,At&T Inc,12/31/13,947650,0.018,#N/A N/A,34.345THOMPSON JOHN W,Thompson John W,John,W,Thompson,,John W Thompson ,SYMC UW Equity,SYMANTEC CORP,Symantec Corp,7/11/11,943469,0.136,-10000,23.305COURY ROBERT J,Coury Robert J,Robert,J,Coury,,Robert J Coury ,MYL UW Equity,MYLAN INC,Mylan Inc,12/11/13,937946,0.245,#N/A N/A,44.86WASHKEWICZ DONALD E,Washkewicz Donald E,Donald,E,Washkewicz,,Donald E Washkewicz ,PH UN Equity,PARKER HANNIFIN,Parker Hannifin,12/9/13,935719,0.627,#N/A N/A,127.25STUMPF JOHN G,Stumpf John G,John,G,Stumpf,,John G Stumpf ,WFC UN Equity,WELLS FARGO & CO,Wells Fargo & Co,10/30/13,934945,0.018,-210311,45.63LIVERIS ANDREW N,Liveris Andrew N,Andrew,N,Liveris,,Andrew N Liveris ,DOW UN Equity,DOW CHEMICAL CO,Dow Chemical Co,12/18/13,906546,0.075,#N/A N/A,43.24WREN JOHN D,Wren John D,John,D,Wren,,John D Wren ,OMC UN Equity,OMNICOM GROUP,Omnicom Group,4/8/13,905235,0.352,-1356,71.95PAZ GEORGE,Paz George,George,,Paz,,George  Paz ,ESRX UW Equity,EXPRESS SCRIPTS,Express Scripts,11/25/13,897885,0.111,150492,70.06YOUNG JAMES R,Young James R,James,R,Young,,James R Young ,UNP UN Equity,UNION PAC CORP,Union Pac Corp,5/22/13,888743,0.193,-4760,167.08FLAHERTY III JAMES F,Flaherty Iii James F,James,F,Flaherty,,James F Flaherty ,HCP UN Equity,HCP INC,Hcp Inc,10/2/13,861753,0.189,-184375,37.05ANDERSON BRUCE K,Anderson Bruce K,Bruce,K,Anderson,,Bruce K Anderson ,ADS UN Equity,ALLIANCE DATA,Alliance Data,8/2/13,854944,1.755,-711,257.78CHENAULT KENNETH I,Chenault Kenneth I,Kenneth,I,Chenault,,Kenneth I Chenault ,AXP UN Equity,AMERICAN EXPRESS,American Express,5/30/13,851667,0.08,-62974,89.34BECTON JR HENRY P,Becton Jr Henry P,Henry,P,Becton,Jr,Henry P Becton Jr,BDX UN Equity,BECTON DICKINSON,Becton Dickinson,11/6/13,845640,0.436,#N/A N/A,111.09NIBLOCK ROBERT A,Niblock Robert A,Robert,A,Niblock,,Robert A Niblock ,LOW UN Equity,LOWE'S COS INC,Lowe'S Cos Inc,9/16/13,842696,0.081,91480,48.51CRANE DAVID W,Crane David W,David,W,Crane,,David W Crane ,NRG UN Equity,NRG ENERGY,Nrg Energy,12/5/13,830300,0.257,214136,28.51COORS PETER H,Coors Peter H,Peter,H,Coors,,Peter H Coors ,TAP UN Equity,MOLSON COORS-B,Molson Coors-B,12/2/13,806520,0.506,#N/A N/A,55.37CHABRAJA NICHOLAS D,Chabraja Nicholas D,Nicholas,D,Chabraja,,Nicholas D Chabraja ,GD UN Equity,GENERAL DYNAMICS,General Dynamics,1/2/14,802712,0.228,-138,94.97POST III GLEN F,Post Iii Glen F,Glen,F,Post,,Glen F Post ,CTL UN Equity,CENTURYLINK INC,Centurylink Inc,5/31/13,795927,0.135,-8214,31.24CASE GREGORY C,Case Gregory C,Gregory,C,Case,,Gregory C Case ,AON UN Equity,AON PLC,Aon Plc,2/26/13,794240,0.264,4548,81.58COTE DAVID M,Cote David M,David,M,Cote,,David M Cote ,HON UN Equity,HONEYWELL INTL,Honeywell Intl,11/4/13,791861,0.101,#N/A N/A,90.49WARNOCK JOHN E,Warnock John E,John,E,Warnock,,John E Warnock ,ADBE UW Equity,ADOBE SYS INC,Adobe Sys Inc,12/16/13,784211,0.157,-20000,59.12KABAT KEVIN T,Kabat Kevin T,Kevin,T,Kabat,,Kevin T Kabat ,FITB UW Equity,FIFTH THIRD BANC,Fifth Third Banc,11/19/13,767598,0.087,-79239,21.1HAVERTY MICHAEL R,Haverty Michael R,Michael,R,Haverty,,Michael R Haverty ,KSU UN Equity,KANSAS CITY SOUT,Kansas City Sout,11/5/13,759893,0.69,#N/A N/A,116.52ROTH MICHAEL I,Roth Michael I,Michael,I,Roth,,Michael I Roth ,IPG UN Equity,INTERPUBLIC GRP,Interpublic Grp,8/26/13,759371,0.175,-194965,17.46TOMLINSON PHILIP W,Tomlinson Philip W,Philip,W,Tomlinson,,Philip W Tomlinson ,TSS UN Equity,TOTAL SYS SERVS,Total Sys Servs,11/8/13,758939,0.4,#N/A N/A,32.87SHEFFIELD SCOTT D,Sheffield Scott D,Scott,D,Sheffield,,Scott D Sheffield ,PXD UN Equity,PIONEER NATURAL,Pioneer Natural,1/2/14,744473,0.537,24076,175.62MORELAND W BENJAMIN,Moreland W Benjamin,W,Benjamin,Moreland,,W Benjamin Moreland ,CCI UN Equity,CROWN CASTLE INT,Crown Castle Int,12/11/13,736537,0.22,-2000,72.42LUNDGREN JOHN F,Lundgren John F,John,F,Lundgren,,John F Lundgren ,SWK UN Equity,STANLEY BLACK &,Stanley Black &,12/9/13,735497,0.416,-9123,80.35HOOVER R DAVID,Hoover R David,R,David,Hoover,,R David Hoover ,BLL UN Equity,BALL CORP,Ball Corp,12/16/13,731436,0.506,-11426,51.87COYNE JOHN F,Coyne John F,John,F,Coyne,,John F Coyne ,WDC UW Equity,WESTERN DIGITAL,Western Digital,12/19/12,729603,0.309,-108095,87.08MERLO LARRY J,Merlo Larry J,Larry,J,Merlo,,Larry J Merlo ,CVS UN Equity,CVS CAREMARK COR,Cvs Caremark Cor,1/2/14,728840,0.061,#N/A N/A,69.74DAANE JOHN P,Daane John P,John,P,Daane,,John P Daane ,ALTR UW Equity,ALTERA CORP,Altera Corp,7/31/13,725762,0.226,63117,31.98RANKIN THOMPSON L,Rankin Thompson L,Thompson,L,Rankin,,Thompson L Rankin ,TE UN Equity,TECO ENERGY INC,Teco Energy Inc,5/1/13,723306,0.333,3000,16.9HARVEY J BRETT,Harvey J Brett,J,Brett,Harvey,,J Brett Harvey ,CNX UN Equity,CONSOL ENERGY,Consol Energy,12/16/13,718411,0.314,-5405,37.38PROBST III LAWRENCE F,Probst Iii Lawrence F,Lawrence,F,Probst,,Lawrence F Probst ,EA UW Equity,ELECTRONIC ARTS,Electronic Arts,7/26/13,718071,0.232,10000,23.28STROUCKEN ALBERT P L,Stroucken Albert P L,Albert,P L,Stroucken,,Albert P L Stroucken ,OI UN Equity,OWENS-ILLINOIS,Owens-Illinois,3/7/13,711330,0.431,81796,35.34GREIFELD ROBERT,Greifeld Robert,Robert,,Greifeld,,Robert  Greifeld ,NDAQ UW Equity,NASDAQ OMX GROUP,Nasdaq Omx Group,5/20/13,709383,0.423,200000,40.38WEEKS WENDELL P,Weeks Wendell P,Wendell,P,Weeks,,Wendell P Weeks ,GLW UN Equity,CORNING INC,Corning Inc,11/22/13,704169,0.049,#N/A N/A,17.9SANDS ROBERT S,Sands Robert S,Robert,S,Sands,,Robert S Sands ,STZ UN Equity,CONSTELLATION-A,Constellation-A,7/10/13,703954,0.424,148991,75.21BLAKE FRANCIS STANTO,Blake Francis Stanto,Francis,Stanto,Blake,,Francis Stanto Blake ,HD UN Equity,HOME DEPOT INC,Home Depot Inc,11/21/13,701160,0.05,#N/A N/A,81.79LUNDGREN TERRY J,Lundgren Terry J,Terry,J,Lundgren,,Terry J Lundgren ,M UN Equity,MACY'S INC,Macy'S Inc,11/15/13,700433,0.19,-61185,51.73HAY III LEWIS,Hay Iii Lewis,Iii,Lewis,Hay,,Iii Lewis Hay ,NEE UN Equity,NEXTERA ENERGY,Nextera Energy,3/15/13,694839,0.16,-59949,85.27ROELL STEPHEN A,Roell Stephen A,Stephen,A,Roell,,Stephen A Roell ,JCI UN Equity,JOHNSON CONTROLS,Johnson Controls,11/2/13,693212,0.101,#N/A N/A,51.2LESAR DAVID J,Lesar David J,David,J,Lesar,,David J Lesar ,HAL UN Equity,HALLIBURTON CO,Halliburton Co,12/27/13,692504,0.082,-1000,49.39KING KELLY S,King Kelly S,Kelly,S,King,,Kelly S King ,BBT UN Equity,BB&T CORP,Bb&T Corp,10/23/13,688634,0.098,#N/A N/A,38LUKE JR JOHN A,Luke Jr John A,John,A,Luke,Jr,John A Luke Jr,MWV UN Equity,MEADWESTVACO COR,Meadwestvaco Cor,11/12/13,687853,0.387,14516,36.46WISEMAN ERIC C,Wiseman Eric C,Eric,C,Wiseman,,Eric C Wiseman ,VFC UN Equity,VF CORP,Vf Corp,10/28/13,675616,0.153,#N/A N/A,61.46MCGREGOR SCOTT ALAN,Mcgregor Scott Alan,Scott,Alan,Mcgregor,,Scott Alan Mcgregor ,BRCM UW Equity,BROADCOM CORP-A,Broadcom Corp-A,11/5/13,667515,0.129,#N/A N/A,29.205HALL JR O B GRAYSON,Hall Jr O B Grayson,OB,Grayson,Hall,Jr,OB Grayson Hall Jr,RF UN Equity,REGIONS FINANCIA,Regions Financia,4/1/13,662673,0.048,2153,10.2BOGER JOSHUA S,Boger Joshua S,Joshua,S,Boger,,Joshua S Boger ,VRTX UW Equity,VERTEX PHARM,Vertex Pharm,12/4/13,652181,0.279,#N/A N/A,74.77SWANSON WILLIAM H,Swanson William H,William,H,Swanson,,William H Swanson ,RTN UN Equity,RAYTHEON CO,Raytheon Co,12/3/13,651309,0.204,-2255,88.4SCHULER JACK W,Schuler Jack W,Jack,W,Schuler,,Jack W Schuler ,MDT UN Equity,MEDTRONIC INC,Medtronic Inc,5/10/13,644658,0.065,-34230,60.63GIBSON JOHN W,Gibson John W,John,W,Gibson,,John W Gibson ,OKE UN Equity,ONEOK INC,Oneok Inc,12/31/13,641537,0.311,2,62.71STEINHAFEL GREGG W,Steinhafel Gregg W,Gregg,W,Steinhafel,,Gregg W Steinhafel ,TGT UN Equity,TARGET CORP,Target Corp,12/4/13,640599,0.101,#N/A N/A,62.58RODKIN GARY M,Rodkin Gary M,Gary,M,Rodkin,,Gary M Rodkin ,CAG UN Equity,CONAGRA FOODS,Conagra Foods,7/19/13,639765,0.152,39029,33.65LECHLEITER JOHN C,Lechleiter John C,John,C,Lechleiter,,John C Lechleiter ,LLY UN Equity,ELI LILLY & CO,Eli Lilly & Co,2/1/13,632593,0.056,70189,50.62NOOYI INDRA K,Nooyi Indra K,Indra,K,Nooyi,,Indra K Nooyi ,PEP UN Equity,PEPSICO INC,Pepsico Inc,4/12/13,626412,0.041,#N/A N/A,83.09STEINER DAVID P,Steiner David P,David,P,Steiner,,David P Steiner ,WM UN Equity,WASTE MANAGEMENT,Waste Management,5/15/13,623267,0.133,17084,44.03PARKER MARK G,Parker Mark G,Mark,G,Parker,,Mark G Parker ,NKE UN Equity,NIKE INC -CL B,Nike Inc -Cl B,10/21/13,619254,0.087,-24272,77.24RIGGIO LEONARD S,Riggio Leonard S,Leonard,S,Riggio,,Leonard S Riggio ,GME UN Equity,GAMESTOP CORP-A,Gamestop Corp-A,2/3/11,618024,0.534,#N/A N/A,45.01DIMICCO DANIEL R,Dimicco Daniel R,Daniel,R,Dimicco,,Daniel R Dimicco ,NUE UN Equity,NUCOR CORP,Nucor Corp,6/1/13,607883,0.191,#N/A N/A,52.85O'NEAL RODNEY,O'Neal Rodney,Rodney,,O'Neal,,Rodney  O'Neal ,DLPH UN Equity,DELPHI AUTOMOTIV,Delphi Automotiv,5/30/13,605828,0.197,#N/A N/A,60.62BROWN GREGORY Q,Brown Gregory Q,Gregory,Q,Brown,,Gregory Q Brown ,MSI UN Equity,MOTOROLA SOLUTIO,Motorola Solutio,5/13/13,603220,0.233,#N/A N/A,66.15ALEXANDER ANTHONY J,Alexander Anthony J,Anthony,J,Alexander,,Anthony J Alexander ,FE UN Equity,FIRSTENERGY CORP,Firstenergy Corp,3/8/13,601900,0.144,#N/A N/A,31.69ROHR JAMES E,Rohr James E,James,E,Rohr,,James E Rohr ,PNC UN Equity,PNC FINANCIAL SE,Pnc Financial Se,12/19/13,594550,0.112,#N/A N/A,78.17HAMMERGREN JOHN H,Hammergren John H,John,H,Hammergren,,John H Hammergren ,MCK UN Equity,MCKESSON CORP,Mckesson Corp,5/29/13,594344,0.259,#N/A N/A,171.16BABB JR RALPH W,Babb Jr Ralph W,Ralph,W,Babb,Jr,Ralph W Babb Jr,CMA UN Equity,COMERICA INC,Comerica Inc,1/22/13,592466,0.324,#N/A N/A,47.6HOLMES STEPHEN P,Holmes Stephen P,Stephen,P,Holmes,,Stephen P Holmes ,WYN UN Equity,WYNDHAM WORLDWID,Wyndham Worldwid,2/28/13,587195,0.451,#N/A N/A,72ROBERTSON JULIE J,Robertson Julie J,Julie,J,Robertson,,Julie J Robertson ,NE UN Equity,NOBLE CORP PLC,Noble Corp Plc,12/2/13,567097,0.224,-5989,36.02CUTLER ALEXANDER M,Cutler Alexander M,Alexander,M,Cutler,,Alexander M Cutler ,ETN UN Equity,EATON CORP PLC,Eaton Corp Plc,7/23/13,560090,0.118,-20714,75.14PALMISANO SAMUEL J,Palmisano Samuel J,Samuel,J,Palmisano,,Samuel J Palmisano ,IBM UN Equity,IBM,Ibm,8/16/12,546756,0.05,#N/A N/A,187.81WATJEN THOMAS R,Watjen Thomas R,Thomas,R,Watjen,,Thomas R Watjen ,UNM UN Equity,UNUM GROUP,Unum Group,11/8/13,542806,0.208,-7808,34.67HERZAN ALEXANDRA A,Herzan Alexandra A,Alexandra,A,Herzan,,Alexandra A Herzan ,IFF UN Equity,INTL FLVR & FRAG,Intl Flvr & Frag,2/22/13,534049,0.655,-5567,85.29FISHMAN JAY S,Fishman Jay S,Jay,S,Fishman,,Jay S Fishman ,TRV UN Equity,TRAVELERS COS IN,Travelers Cos In,8/13/13,531426,0.146,-14991,87.4FOLLIARD THOMAS J,Folliard Thomas J,Thomas,J,Folliard,,Thomas J Folliard ,KMX UN Equity,CARMAX INC,Carmax Inc,4/6/13,530810,0.238,#N/A N/A,44.97POLK MICHAEL B,Polk Michael B,Michael,B,Polk,,Michael B Polk ,NWL UN Equity,NEWELL RUBBERMAI,Newell Rubbermai,7/18/13,529082,0.184,366747,32.25GRANT HUGH,Grant Hugh,Hugh,,Grant,,Hugh  Grant ,MON UN Equity,MONSANTO CO,Monsanto Co,10/21/13,528663,0.101,#N/A N/A,116.11HUGIN ROBERT J,Hugin Robert J,Robert,J,Hugin,,Robert J Hugin ,CELG UW Equity,CELGENE CORP,Celgene Corp,6/16/13,528508,0.128,3130,167.7BERTOLINI MARK T,Bertolini Mark T,Mark,T,Bertolini,,Mark T Bertolini ,AET UN Equity,AETNA INC,Aetna Inc,12/30/13,526938,0.143,#N/A N/A,68.91FULTON DANIEL S,Fulton Daniel S,Daniel,S,Fulton,,Daniel S Fulton ,WY UN Equity,WEYERHAEUNER CO,WeyerhaeUNer Co,2/13/13,526789,0.09,55407,30.78FALK THOMAS J,Falk Thomas J,Thomas,J,Falk,,Thomas J Falk ,KMB UN Equity,KIMBERLY-CLARK,Kimberly-Clark,11/19/13,522625,0.136,174,103.64FRIEL ROBERT F,Friel Robert F,Robert,F,Friel,,Robert F Friel ,PKI UN Equity,PERKINELMER INC,Perkinelmer Inc,11/14/13,516849,0.46,#N/A N/A,42.5LUCIER GREGORY T,Lucier Gregory T,Gregory,T,Lucier,,Gregory T Lucier ,LIFE UW Equity,LIFE TECHNOLOGIE,Life Technologie,4/2/13,515939,0.299,28945,75.855RUNSELL JOHN G,RUNsell John G,John,G,RUNsell,,John G RUNsell ,CMS UN Equity,CMS ENERGY CORP,Cms Energy Corp,9/3/13,514054,0.192,3626,26.12TALWALKAR ABHIJIT Y,Talwalkar Abhijit Y,Abhijit,Y,Talwalkar,,Abhijit Y Talwalkar ,LSI UW Equity,LSI CORP,Lsi Corp,4/1/13,512651,0.094,-117185,11.005POWELL KENDALL J,Powell Kendall J,Kendall,J,Powell,,Kendall J Powell ,GIS UN Equity,GENERAL MILLS IN,General Mills In,12/23/13,508680,0.081,-10126,48.9NOSBUNCH KEITH D,NosbUNch Keith D,Keith,D,NosbUNch,,Keith D NosbUNch ,ROK UN Equity,ROCKWELL AUTOMAT,Rockwell Automat,12/9/13,506129,0.365,13602,115.93GALLAGHER THOMAS C,Gallagher Thomas C,Thomas,C,Gallagher,,Thomas C Gallagher ,GPC UN Equity,GENUINE PARTS CO,Genuine Parts Co,11/22/13,504818,0.327,12789,82.63DAVIS RICHARD K,Davis Richard K,Richard,K,Davis,,Richard K Davis ,USB UN Equity,UN BANCORP,UN Bancorp,7/19/13,501354,0.027,#N/A N/A,40.91DOBKIN ROBERT C,Dobkin Robert C,Robert,C,Dobkin,,Robert C Dobkin ,LLTC UW Equity,LINEAR TECH CORP,Linear Tech Corp,11/29/13,501191,0.214,-50300,45.2D'AMORE ROBERT R,D'Amore Robert R,Robert,R,D'Amore,,Robert R D'Amore ,PBCT UW Equity,PEOPLE'S UNITED,People'S United,3/1/13,499570,0.157,-3329,15.24LEONARD J WAYNE,Leonard J Wayne,J,Wayne,Leonard,,J Wayne Leonard ,ETR UN Equity,ENTERGY CORP,Entergy Corp,1/29/13,498239,0.279,#N/A N/A,60.79CAFARO DEBRA A,Cafaro Debra A,Debra,A,Cafaro,,Debra A Cafaro ,VTR UN Equity,VENTAS INC,Ventas Inc,3/27/13,497934,0.169,-65900,58.32HUMANN L PHILLIP,Humann L Phillip,L,Phillip,Humann,,L Phillip Humann ,STI UN Equity,SUNTRUNT BANKS,SuntrUNt Banks,4/29/08,496877,0.093,29649,36.98LAUREN RALPH,Lauren Ralph,Ralph,,Lauren,,Ralph  Lauren ,RL UN Equity,RALPH LAUREN COR,Ralph Lauren Cor,11/12/13,495988,0.82,-155794,175.2BIDZOS D JAMES,Bidzos D James,D,James,Bidzos,,D James Bidzos ,VRSN UW Equity,VERISIGN INC,Verisign Inc,2/28/13,494900,0.361,#N/A N/A,60.81PARKINSON JR ROBERT L,Parkinson Jr Robert L,Robert,L,Parkinson,Jr,Robert L Parkinson Jr,BAX UN Equity,BAXTER INTL INC,Baxter Intl Inc,8/5/13,490485,0.09,25000,69.63STANLEY CHARLES B,Stanley Charles B,Charles,B,Stanley,,Charles B Stanley ,QEP UN Equity,QEP RESOURCES IN,Qep Resources In,12/6/13,488544,0.273,#N/A N/A,29.72WEISSMAN ROBERT E,Weissman Robert E,Robert,E,Weissman,,Robert E Weissman ,CTSH UW Equity,COGNIZANT TECH-A,Cognizant Tech-A,11/20/13,486888,0.161,-11000,99.25JUNG ANDREA,Jung Andrea,Andrea,,Jung,,Andrea  Jung ,AVP UN Equity,AVON PRODUCTS,Avon Products,3/4/13,480421,0.111,#N/A N/A,17SHATTUCK III MAYO A,Shattuck Iii Mayo A,Mayo,A,Shattuck,,Mayo A Shattuck ,EXC UN Equity,EXELON CORP,Exelon Corp,12/31/13,480357,0.056,20,26.84ANDREOTTI LAMBERTO,Andreotti Lamberto,Lamberto,,Andreotti,,Lamberto  Andreotti ,BMY UN Equity,BRISTOL-MYER SQB,Bristol-Myer Sqb,6/4/13,478562,0.029,-100000,53MILLER JR MERRILL A,Miller Jr Merrill A,Merrill,A,Miller,Jr,Merrill A Miller Jr,NOV UN Equity,NATL OILWELL VAR,Natl Oilwell Var,12/2/13,477904,0.112,-2000,78.04CONNOR CHRISTOPHER M,Connor Christopher M,Christopher,M,Connor,,Christopher M Connor ,SHW UN Equity,SHERWIN-WILLIAMS,Sherwin-Williams,2/15/13,471405,0.465,-24196,188.94CHENEVERT LOUIS R,Chenevert Louis R,Louis,R,Chenevert,,Louis R Chenevert ,UTX UN Equity,UNITED TECH CORP,United Tech Corp,1/2/14,463518,0.051,#N/A N/A,112.91LORBERBAUM JEFFREY SCOTT,Lorberbaum Jeffrey Scott,Jeffrey,Scott,Lorberbaum,,Jeffrey Scott Lorberbaum ,MHK UN Equity,MOHAWK INDS,Mohawk Inds,11/4/13,462096,0.636,3028,146.8CONSIDINE TERRY,Considine Terry,Terry,,Considine,,Terry  Considine ,AIV UN Equity,APARTMENT INVEST,Apartment Invest,12/30/13,454052,0.311,#N/A N/A,25.59IZZO RALPH,Izzo Ralph,Ralph,,Izzo,,Ralph  Izzo ,PEG UN Equity,PUB SERV ENTERP,Pub Serv Enterp,1/2/14,446951,0.088,-38847,31.44GLUNKI WEIL ANDRES RICARDO,GlUNki Weil Andres Ricardo,Weil,Andres Ricardo,GlUNki,,Weil Andres Ricardo GlUNki ,AES UN Equity,AES CORP,Aes Corp,12/31/13,445611,0.062,-16880,14.39ECKERT ROBERT A,Eckert Robert A,Robert,A,Eckert,,Robert A Eckert ,MAT UW Equity,MATTEL INC,Mattel Inc,12/31/12,442895,0.131,3603,45.71FARRIS G STEVEN,Farris G Steven,G,Steven,Farris,,G Steven Farris ,APA UN Equity,APACHE CORP,Apache Corp,12/10/13,436238,0.109,-6042,87.13CASPER MARC N,Casper Marc N,Marc,N,Casper,,Marc N Casper ,TMO UN Equity,THERMO FISHER,Thermo Fisher,8/26/13,433743,0.12,-3569,113.63FINNEGAN JOHN D,Finnegan John D,John,D,Finnegan,,John D Finnegan ,CB UN Equity,CHUBB CORP,Chubb Corp,3/7/13,429083,0.17,-70000,92.39WEEDEN JEFFREY B,Weeden Jeffrey B,Jeffrey,B,Weeden,,Jeffrey B Weeden ,KEY UN Equity,KEYCORP,Keycorp,5/13/13,427064,0.048,74001,13.53SMITH RICHARD F,Smith Richard F,Richard,F,Smith,,Richard F Smith ,EFX UN Equity,EQUIFAX INC,Equifax Inc,5/3/13,426037,0.35,-41640,68.25GLASS DENNIS R,Glass Dennis R,Dennis,R,Glass,,Dennis R Glass ,LNC UN Equity,LINCOLN NATL CRP,Lincoln Natl Crp,11/22/13,422207,0.161,#N/A N/A,51.91CRACCHIOLO JAMES M,Cracchiolo James M,James,M,Cracchiolo,,James M Cracchiolo ,AMP UN Equity,AMERIPRISE FINAN,Ameriprise Finan,11/13/13,414679,0.213,19122,115.53JAMES DONALD A,James Donald A,Donald,A,James,,Donald A James ,HOG UN Equity,HARLEY-DAVIDSON,Harley-Davidson,4/29/13,412040,0.186,#N/A N/A,69.27KULLMAN ELLEN J,Kullman Ellen J,Ellen,J,Kullman,,Ellen J Kullman ,DD UN Equity,DU PONT (EI),Du Pont (Ei),12/26/13,408325,0.044,#N/A N/A,62.82BUNH WESLEY G,BUNh Wesley G,Wesley,G,BUNh,,Wesley G BUNh ,NOC UN Equity,NORTHROP GRUMMAN,Northrop Grumman,11/12/13,403976,0.182,#N/A N/A,114.84MCCLAIN GRETCHEN W,Mcclain Gretchen W,Gretchen,W,Mcclain,,Gretchen W Mcclain ,XYL UN Equity,XYLEM INC,Xylem Inc,3/5/13,401946,0.218,-4941,34.49SULLIVAN WILLIAM P,Sullivan William P,William,P,Sullivan,,William P Sullivan ,A UN Equity,AGILENT TECH INC,Agilent Tech Inc,12/19/13,401296,0.121,-940,58.28BISARO PAUL M,Bisaro Paul M,Paul,M,Bisaro,,Paul M Bisaro ,ACT UN Equity,ACTAVIS PLC,Actavis Plc,11/11/13,399995,0.23,-40921,177.03PYOTT DAVID E I,Pyott David E I,David,E I,Pyott,,David E I Pyott ,AGN UN Equity,ALLERGAN INC,Allergan Inc,10/5/12,399152,0.134,#N/A N/A,115.55KESSLER MURRAY S,Kessler Murray S,Murray,S,Kessler,,Murray S Kessler ,LO UN Equity,LORILLARD INC,Lorillard Inc,9/16/13,399037,0.108,-37818,49.88DOW STEPHEN M,Dow Stephen M,Stephen,M,Dow,,Stephen M Dow ,CTXS UW Equity,CITRIX SYSTEMS,Citrix Systems,6/3/13,398518,0.214,#N/A N/A,60.98MUNSALLEM MICHAEL A,MUNsallem Michael A,Michael,A,MUNsallem,,Michael A MUNsallem ,EW UN Equity,EDWARDS LIFE,Edwards Life,12/4/13,396098,0.362,#N/A N/A,67.09BUTTS JAMES E,Butts James E,James,E,Butts,,James E Butts ,CHRW UW Equity,CH ROBINSON,Ch Robinson,11/28/12,395857,0.261,-11500,56.45DREILING RICHARD W,Dreiling Richard W,Richard,W,Dreiling,,Richard W Dreiling ,DG UN Equity,DOLLAR GENERAL C,Dollar General C,4/3/13,394742,0.123,-242877,59.38POLLOCK ROBERT B,Pollock Robert B,Robert,B,Pollock,,Robert B Pollock ,AIZ UN Equity,ASSURANT INC,Assurant Inc,12/4/13,394439,0.542,-7940,67.18SURMA JR JOHN P,Surma Jr John P,John,P,Surma,Jr,John P Surma Jr,X UN Equity,UN STEEL CORP,UN Steel Corp,11/26/13,393158,0.272,-1978,29.63CHAPPEL DONALD R,Chappel Donald R,Donald,R,Chappel,,Donald R Chappel ,WMB UN Equity,WILLIAMS COS INC,Williams Cos Inc,11/6/13,384058,0.056,#N/A N/A,39.02DONOHUE CRAIG STEVEN,Donohue Craig Steven,Craig,Steven,Donohue,,Craig Steven Donohue ,CME UW Equity,CME GROUP INC,Cme Group Inc,4/30/12,382910,0.114,35420,77.17COLEMAN GARY L,Coleman Gary L,Gary,L,Coleman,,Gary L Coleman ,TMK UN Equity,TORCHMARK CORP,Torchmark Corp,12/18/13,381779,0.422,#N/A N/A,78.22CURCIO MICHAEL J,Curcio Michael J,Michael,J,Curcio,,Michael J Curcio ,ETFC UW Equity,E*TRADE FINANCIA,E*Trade Financia,2/11/13,379927,0.132,-28752,20.69STEWART JAMES W,Stewart James W,James,W,Stewart,,James W Stewart ,BHI UN Equity,BAKER HUGHES INC,Baker Hughes Inc,12/17/13,379584,0.086,-7719,51.84SULLIVAN JOSEPH A,Sullivan Joseph A,Joseph,A,Sullivan,,Joseph A Sullivan ,LM UN Equity,LEGG MASON INC,Legg Mason Inc,12/12/13,374570,0.311,#N/A N/A,43.94AKERSON DANIEL FRANCIS,Akerson Daniel Francis,Daniel,Francis,Akerson,,Daniel Francis Akerson ,GM UN Equity,GENERAL MOTORS C,General Motors C,12/31/13,373653,0.027,23383,40.66BASS CARL,Bass Carl,Carl,,Bass,,Carl  Bass ,ADSK UW Equity,AUTODESK INC,Autodesk Inc,1/3/14,372808,0.165,#N/A N/A,50.11SU JINGSHYH S,Su Jingshyh S,Jingshyh,S,Su,,Jingshyh S Su ,YUM UN Equity,YUM! BRANDS INC,Yum! Brands Inc,12/13/13,369229,0.083,#N/A N/A,76.86DONNELLY SCOTT C,Donnelly Scott C,Scott,C,Donnelly,,Scott C Donnelly ,TXT UN Equity,TEXTRON INC,Textron Inc,8/1/13,363722,0.129,-6048,35.78MAY THOMAS J,May Thomas J,Thomas,J,May,,Thomas J May ,NU UN Equity,NORTHEAST UTILS,Northeast Utils,3/20/13,356650,0.113,39,41.63SMITH LONNIE M,Smith Lonnie M,Lonnie,M,Smith,,Lonnie M Smith ,ISRG UW Equity,INTUITIVE SURGIC,Intuitive Surgic,12/9/13,352780,0.927,-1500,375.515ROGERS JAMES P,Rogers James P,James,P,Rogers,,James P Rogers ,EMN UN Equity,EASTMAN CHEMICAL,Eastman Chemical,2/22/13,352264,0.229,138915,78.86WILSON II THOMAS J,Wilson Ii Thomas J,Thomas,J,Wilson,,Thomas J Wilson ,ALL UN Equity,ALLSTATE CORP,Allstate Corp,12/4/13,350755,0.077,7349,53.3HOGAN III RANDALL J,Hogan Iii Randall J,Randall,J,Hogan,,Randall J Hogan ,PNR UN Equity,PENTAIR LTD-REG,Pentair Ltd-Reg,12/20/13,349631,0.175,#N/A N/A,77.29BUNCH CHARLES E,Bunch Charles E,Charles,E,Bunch,,Charles E Bunch ,PPG UN Equity,PPG INDS INC,Ppg Inds Inc,10/22/13,348653,0.245,22,189.58SOKOLOV RICHARD S,Sokolov Richard S,Richard,S,Sokolov,,Richard S Sokolov ,SPG UN Equity,SIMON PROPERTY,Simon Property,12/19/13,347946,0.112,-325,154.28SOLSO THEODORE M,Solso Theodore M,Theodore,M,Solso,,Theodore M Solso ,CMI UN Equity,CUMMINS INC,Cummins Inc,4/29/11,347537,0.185,-134602,139.36WHITE MICHAEL D,White Michael D,Michael,D,White,,Michael D White ,DTV UW Equity,DIRECTV,Directv,12/31/12,347476,0.066,58179,69.58OTIS JR CLARENCE,Otis Jr Clarence,Clarence,,Otis,Jr,Clarence  Otis Jr,DRI UN Equity,DARDEN RESTAURAN,Darden Restauran,12/23/13,345552,0.263,27500,51.8COBB WILLIAM CHARLE,Cobb William Charle,William,Charle,Cobb,,William Charle Cobb ,HRB UN Equity,H&R BLOCK INC,H&R Block Inc,12/24/13,344978,0.126,#N/A N/A,29.12LYNCH THOMAS J,Lynch Thomas J,Thomas,J,Lynch,,Thomas J Lynch ,TEL UN Equity,TE CONNECTIVITY,Te Connectivity,12/5/13,339311,0.083,#N/A N/A,55.02WILLIAMS SR JOHN H,Williams Sr John H,John,H,Williams,Sr,John H Williams Sr,WPX UN Equity,WPX ENERGY,Wpx Energy,3/25/13,336317,0.167,#N/A N/A,19.32HACKETT JAMES T,Hackett James T,James,T,Hackett,,James T Hackett ,APC UN Equity,ANADARKO PETROLE,Anadarko Petrole,11/10/12,335727,0.067,48136,79.19BARRETT GEORGE S,Barrett George S,George,S,Barrett,,George S Barrett ,CAH UN Equity,CARDINAL HEALTH,Cardinal Health,11/11/13,334102,0.098,#N/A N/A,66.53KOEHLER MICHAEL F,Koehler Michael F,Michael,F,Koehler,,Michael F Koehler ,TDC UN Equity,TERADATA CORP,Teradata Corp,12/3/13,325854,0.2,#N/A N/A,45.87SCHMIDT ERIC EMERSON,Schmidt Eric Emerson,Eric,Emerson,Schmidt,,Eric Emerson Schmidt ,GOOG UW Equity,GOOGLE INC-CL A,Google Inc-Cl A,1/2/14,322745,0.117,59,1138.38SKINNER JAMES A,Skinner James A,James,A,Skinner,,James A Skinner ,MCD UN Equity,MCDONALDS CORP,Mcdonalds Corp,2/11/12,318603,0.032,20392,95.23BURKE KEVIN,Burke Kevin,Kevin,,Burke,,Kevin  Burke ,ED UN Equity,CONS EDISON INC,Cons Edison Inc,12/26/13,316876,0.108,#N/A N/A,53.47JEFFRY LOUIS JOHN,Jeffry Louis John,Louis,John,Jeffry,,Louis John Jeffry ,GCI UN Equity,GANNETT CO,Gannett Co,5/20/13,316537,0.139,35305,29.85BAKER JR DOUGLAS M,Baker Jr Douglas M,Douglas,M,Baker,Jr,Douglas M Baker Jr,ECL UN Equity,ECOLAB INC,Ecolab Inc,12/4/13,316104,0.105,-12088,104.14STRANGFELD JR JOHN R,Strangfeld Jr John R,John,R,Strangfeld,Jr,John R Strangfeld Jr,PRU UN Equity,PRUDENTL FINL,Prudentl Finl,8/20/13,312862,0.068,-1517,91.27COPPOLA EDWARD C,Coppola Edward C,Edward,C,Coppola,,Edward C Coppola ,MAC UN Equity,MACERICH CO,Macerich Co,3/28/13,311650,0.222,-77,58.8BOECKMANN ALAN L,Boeckmann Alan L,Alan,L,Boeckmann,,Alan L Boeckmann ,FLR UN Equity,FLUOR CORP,Fluor Corp,2/2/12,310973,0.19,30,79.25DELANEY WILLIAM J,Delaney William J,William,J,Delaney,,William J Delaney ,SYY UN Equity,SYSCO CORP,Sysco Corp,11/15/13,310170,0.053,-8209,36.18MAGOWAN PETER A,Magowan Peter A,Peter,A,Magowan,,Peter A Magowan ,CAT UN Equity,CATERPILLAR INC,Caterpillar Inc,3/4/13,309624,0.049,1135,89.32NANTERME PIERRE,Nanterme Pierre,Pierre,,Nanterme,,Pierre  Nanterme ,ACN UN Equity,ACCENTURE PLC-A,Accenture Plc-A,1/1/14,309015,0.049,7984,82HARSHMAN RICHARD J,Harshman Richard J,Richard,J,Harshman,,Richard J Harshman ,ATI UN Equity,ALLEGHENY TECH,Allegheny Tech,2/28/13,306795,0.284,46706,35.15WHITEHURST JAMES M,Whitehurst James M,James,M,Whitehurst,,James M Whitehurst ,RHT UN Equity,RED HAT INC,Red Hat Inc,12/20/13,303978,0.16,-37500,56.91PARKE JAMES A,Parke James A,James,A,Parke,,James A Parke ,GNW UN Equity,GENWORTH FINANCI,Genworth Financi,5/18/12,300000,0.061,25000,16.24FELSINGER DONALD E,Felsinger Donald E,Donald,E,Felsinger,,Donald E Felsinger ,SRE UN Equity,SEMPRA ENERGY,Sempra Energy,11/1/12,288473,0.118,#N/A N/A,89.91RALLS W MATTHEW,Ralls W Matthew,W,Matthew,Ralls,,W Matthew Ralls ,RDC UN Equity,ROWAN COMPANIE-A,Rowan Companie-A,3/7/13,282589,0.227,-12288,33.85EBEL GREGORY L,Ebel Gregory L,Gregory,L,Ebel,,Gregory L Ebel ,SE UN Equity,SPECTRA ENERG,Spectra Energ,2/25/13,279650,0.042,38080,34.87RABUN DANIEL W,Rabun Daniel W,Daniel,W,Rabun,,Daniel W Rabun ,ESV UN Equity,ENSCO PLC-CL A,Ensco Plc-Cl A,11/20/13,279513,0.12,-87666,56.43MOORMAN IV CHARLES WICK,Moorman Iv Charles Wick,Charles,Wick,Moorman,,Charles Wick Moorman ,NSC UN Equity,NORFOLK SOUTHERN,Norfolk Southern,5/7/13,279342,0.09,#N/A N/A,89.24FETTIG JEFF MAURICE,Fettig Jeff Maurice,Jeff,Maurice,Fettig,,Jeff Maurice Fettig ,WHR UN Equity,WHIRLPOOL CORP,Whirlpool Corp,10/29/13,277789,0.354,-410,156.48ETTINGER JEFFREY M,Ettinger Jeffrey M,Jeffrey,M,Ettinger,,Jeffrey M Ettinger ,HRL UN Equity,HORMEL FOODS CRP,Hormel Foods Crp,12/18/12,277457,0.105,34416,44.95LAPHEN MICHAEL W,Laphen Michael W,Michael,W,Laphen,,Michael W Laphen ,CSC UN Equity,COMPUTER SCIENCE,Computer Science,3/19/12,273130,0.186,120915,56.37RIGBY JOSEPH M,Rigby Joseph M,Joseph,M,Rigby,,Joseph M Rigby ,POM UN Equity,PEPCO HOLDINGS,Pepco Holdings,6/27/13,270961,0.108,#N/A N/A,18.72KAUFER STEPHEN,Kaufer Stephen,Stephen,,Kaufer,,Stephen  Kaufer ,TRIP UW Equity,TRIPADVISOR INC,Tripadvisor Inc,2/28/13,269884,0.209,2597,84.92BOYCE GREGORY H,Boyce Gregory H,Gregory,H,Boyce,,Gregory H Boyce ,BTU UN Equity,PEABODY ENERGY,Peabody Energy,2/8/13,269196,0.1,#N/A N/A,18.17MORRIS MICHAEL G,Morris Michael G,Michael,G,Morris,,Michael G Morris ,AEP UN Equity,AMERICAN ELECTRI,American Electri,12/9/13,268285,0.055,#N/A N/A,46.11ELLS STEVE,Ells Steve,Steve,,Ells,,Steve  Ells ,CMG UN Equity,CHIPOTLE MEXICAN,Chipotle Mexican,10/21/13,264474,0.855,#N/A N/A,532.8ANDERSON GERARD M,Anderson Gerard M,Gerard,M,Anderson,,Gerard M Anderson ,DTE UN Equity,DTE ENERGY CO,Dte Energy Co,8/22/13,264194,0.149,#N/A N/A,65.23FRITCH HERBERT A,Fritch Herbert A,Herbert,A,Fritch,,Herbert A Fritch ,CI UN Equity,CIGNA CORP,Cigna Corp,2/28/13,263040,0.095,20907,87.88FRAZIER KENNETH C,Frazier Kenneth C,Kenneth,C,Frazier,,Kenneth C Frazier ,MRK UN Equity,MERCK & CO,Merck & Co,5/7/13,262532,0.009,19970,49.87MARTIN MURRAY D,Martin Murray D,Murray,D,Martin,,Murray D Martin ,PBI UN Equity,PITNEY BOWES INC,Pitney Bowes Inc,2/6/13,261399,0.129,48886,23.6CHAPMAN GEORGE L,Chapman George L,George,L,Chapman,,George L Chapman ,HCN UN Equity,HEALTH CARE REIT,Health Care Reit,8/5/13,261281,0.091,1959,53.89SCHUMANN III WILLIAM H,Schumann Iii William H,William,H,Schumann,,William H Schumann ,FTI UN Equity,FMC TECHNOLOGIES,Fmc Technologies,3/13/12,259175,0.11,-49676,51.56PACKER GARY D,Packer Gary D,Gary,D,Packer,,Gary D Packer ,NFX UN Equity,NEWFIELD EXPLORA,Newfield Explora,8/15/13,258371,0.19,3112,24.86THEISEN HENRY J,Theisen Henry J,Henry,J,Theisen,,Henry J Theisen ,BMS UN Equity,BEMIS CO,Bemis Co,3/15/13,255499,0.248,-720,40.5GURSAHANEY NAREN K,Gursahaney Naren K,Naren,K,Gursahaney,,Naren K Gursahaney ,ADT UN Equity,ADT CORP/THE,Adt Corp/The,12/8/13,252589,0.125,-892,39.91SHAWLEY STEVEN R,Shawley Steven R,Steven,R,Shawley,,Steven R Shawley ,IR UN Equity,INGERSOLL-RAND,Ingersoll-Rand,9/30/13,251595,0.087,#N/A N/A,61.68YOUNG LARRY D,Young Larry D,Larry,D,Young,,Larry D Young ,DPS UN Equity,DR PEPPER SNAPPL,Dr Pepper Snappl,8/1/13,250000,0.125,-74103,47.88HOLLEY RICK R,Holley Rick R,Rick,R,Holley,,Rick R Holley ,PCL UN Equity,PLUM CREEK TIMBR,Plum Creek Timbr,4/23/13,249671,0.141,#N/A N/A,43.78LANE RAYMOND J,Lane Raymond J,Raymond,J,Lane,,Raymond J Lane ,HPQ UN Equity,HEWLETT-PACKARD,Hewlett-Packard,4/22/13,248392,0.013,#N/A N/A,27.72SCHUMACHER LAURA J,Schumacher Laura J,Laura,J,Schumacher,,Laura J Schumacher ,ABBV UN Equity,ABBVIE INC,Abbvie Inc,8/16/13,247296,0.016,1547,50.4VAN PAASSCHEN FRITS D,Van Paasschen Frits D,Paasschen,Frits D,Van,,Paasschen Frits D Van ,HOT UN Equity,STARWOOD HOTELS,Starwood Hotels,12/31/13,246994,0.129,8458,77.76KRAMER RICHARD J,Kramer Richard J,Richard,J,Kramer,,Richard J Kramer ,GT UW Equity,GOODYEAR TIRE,Goodyear Tire,11/1/13,246868,0.1,3203,24.34MCCALLISTER MICHAEL B,Mccallister Michael B,Michael,B,Mccallister,,Michael B Mccallister ,HUM UN Equity,HUMANA INC,Humana Inc,12/31/13,245023,0.157,2026,99.24SLAGER DONALD W,Slager Donald W,Donald,W,Slager,,Donald W Slager ,RSG UN Equity,REPUBLIC SVCS,Republic Svcs,12/18/13,244061,0.068,-30031,32.56WHEELER WILLIAM J,Wheeler William J,William,J,Wheeler,,William J Wheeler ,MET UN Equity,METLIFE INC,Metlife Inc,12/13/13,241837,0.022,1129,54.04MCGLADE JOHN E,Mcglade John E,John,E,Mcglade,,John E Mcglade ,APD UN Equity,AIR PRODS & CHEM,Air Prods & Chem,12/6/13,239853,0.114,-8896,109.88KOWALSKI MICHAEL J,Kowalski Michael J,Michael,J,Kowalski,,Michael J Kowalski ,TIF UN Equity,TIFFANY & CO,Tiffany & Co,6/19/13,234409,0.183,#N/A N/A,91.71EARLEY JR ANTHONY F,Earley Jr Anthony F,Anthony,F,Earley,Jr,Anthony F Earley Jr,PCG UN Equity,PG&E CORP,Pg&E Corp,9/13/13,229556,0.051,-12627,39.84DONEGAN MARK,Donegan Mark,Mark,,Donegan,,Mark  Donegan ,PCP UN Equity,PRECISION CASTPT,Precision Castpt,2/13/13,226258,0.156,#N/A N/A,268.15GOFF GREGORY J,Goff Gregory J,Gregory,J,Goff,,Gregory J Goff ,TSO UN Equity,TESORO CORP,Tesoro Corp,5/6/13,224314,0.169,-9513,56.72MORAN ROBERT F,Moran Robert F,Robert,F,Moran,,Robert F Moran ,PETM UW Equity,PETSMART INC,Petsmart Inc,3/23/13,221232,0.213,#N/A N/A,69.11HEMINGER GARY R,Heminger Gary R,Gary,R,Heminger,,Gary R Heminger ,MPC UN Equity,MARATHON PETROLE,Marathon Petrole,12/5/13,220863,0.073,-473,87.61CABIALLAVETTA MATHIS,Cabiallavetta Mathis,Mathis,,Cabiallavetta,,Mathis  Cabiallavetta ,MMC UN Equity,MARSH & MCLENNAN,Marsh & Mclennan,2/12/08,219101,0.04,#N/A N/A,47.82BRONDEAU PIERRE R,Brondeau Pierre R,Pierre,R,Brondeau,,Pierre R Brondeau ,FMC UN Equity,FMC CORP,Fmc Corp,2/18/13,217897,0.163,7858,74.53ALMEIDA JOSE E,Almeida Jose E,Jose,E,Almeida,,Jose E Almeida ,COV UN Equity,COVIDIEN PLC,Covidien Plc,12/3/13,213154,0.047,#N/A N/A,68.23MCADAM LOWELL C,Mcadam Lowell C,Lowell,C,Mcadam,,Lowell C Mcadam ,VZ UN Equity,VERIZON COMMUNIC,Verizon Communic,12/20/13,212641,0.007,76,48.8ERSEK HIKMET T,Ersek Hikmet T,Hikmet,T,Ersek,,Hikmet T Ersek ,WU UN Equity,WESTERN UNION,Western Union,10/28/13,208394,0.038,983,17.62STEVENS ROBERT J,Stevens Robert J,Robert,J,Stevens,,Robert J Stevens ,LMT UN Equity,LOCKHEED MARTIN,Lockheed Martin,9/8/13,208337,0.065,6481,148.34ZIMPLEMAN LARRY DONALD,Zimpleman Larry Donald,Larry,Donald,Zimpleman,,Larry Donald Zimpleman ,PFG UN Equity,PRINCIPAL FINL,Principal Finl,12/27/13,208314,0.071,#N/A N/A,49.1JONES CLAYTON M,Jones Clayton M,Clayton,M,Jones,,Clayton M Jones ,COL UN Equity,ROCKWELL COLLINS,Rockwell Collins,12/13/13,206904,0.153,-4028,75.66CARRABBA JOSEPH A,Carrabba Joseph A,Joseph,A,Carrabba,,Joseph A Carrabba ,CLF UN Equity,CLIFFS NATURAL R,Cliffs Natural R,11/1/13,206724,0.135,-49950,24.81COLLIS STEVEN H,Collis Steven H,Steven,H,Collis,,Steven H Collis ,ABC UN Equity,AMERISOURCEBERGE,Amerisourceberge,11/13/13,205148,0.089,19565,71.19FOWKE III BENJAMIN G S,Fowke Iii Benjamin G S,Benjamin,G S,Fowke,,Benjamin G S Fowke ,XEL UN Equity,XCEL ENERGY INC,Xcel Energy Inc,3/1/13,200941,0.04,-6709,27.73BOYD JEFFERY H,Boyd Jeffery H,Jeffery,H,Boyd,,Jeffery H Boyd ,PCLN UW Equity,PRICELINE.COM,Priceline.Com,11/19/13,199554,0.388,-1800,1160.5JENNESS JAMES M,Jenness James M,James,M,Jenness,,James M Jenness ,K UN Equity,KELLOGG CO,Kellogg Co,5/6/13,196662,0.054,#N/A N/A,60.25RING TIMOTHY M,Ring Timothy M,Timothy,M,Ring,,Timothy M Ring ,BCR UN Equity,CR BARD INC,Cr Bard Inc,12/23/13,196242,0.252,#N/A N/A,132.58MCGAVICK MICHAEL S,Mcgavick Michael S,Michael,S,Mcgavick,,Michael S Mcgavick ,XL UN Equity,XL GROUP PLC,Xl Group Plc,2/28/13,192090,0.068,24975,30.27MCDANIEL JR RAYMOND W,Mcdaniel Jr Raymond W,Raymond,W,Mcdaniel,Jr,Raymond W Mcdaniel Jr,MCO UN Equity,MOODY'S CORP,Moody'S Corp,9/3/13,189006,0.088,2,77.09BENMOSCHE ROBERT H,Benmosche Robert H,Robert,H,Benmosche,,Robert H Benmosche ,AIG UN Equity,AMERICAN INTERNA,American Interna,12/21/12,186486,0.013,4429,51.46SOMERHALDER II JOHN W,Somerhalder Ii John W,John,W,Somerhalder,,John W Somerhalder ,GAS UN Equity,AGL RESOURCES,Agl Resources,12/16/13,185987,0.157,-3499,46.23CRAVER JR THEODORE F,Craver Jr Theodore F,Theodore,F,Craver,Jr,Theodore F Craver Jr,EIX UN Equity,EDISON INTL,Edison Intl,11/1/13,185814,0.057,#N/A N/A,45.01SUTHERLIN MICHAEL W,Sutherlin Michael W,Michael,W,Sutherlin,,Michael W Sutherlin ,JOY UN Equity,JOY GLOBAL INC,Joy Global Inc,12/18/13,184918,0.181,#N/A N/A,55.18PINCHUK NICHOLAS T,Pinchuk Nicholas T,Nicholas,T,Pinchuk,,Nicholas T Pinchuk ,SNA UN Equity,SNAP-ON INC,Snap-On Inc,12/28/13,181401,0.312,25026,107.52OMENN GILBERT S,Omenn Gilbert S,Gilbert,S,Omenn,,Gilbert S Omenn ,AMGN UW Equity,AMGEN INC,Amgen Inc,4/26/13,178520,0.024,#N/A N/A,116.44HYDE III JOSEPH R,Hyde Iii Joseph R,Joseph,R,Hyde,,Joseph R Hyde ,AZO UN Equity,AUTOZONE INC,Autozone Inc,1/2/14,176866,0.525,#N/A N/A,485.23BLINN MARK A,Blinn Mark A,Mark,A,Blinn,,Mark A Blinn ,FLS UN Equity,FLOWSERVE CORP,Flowserve Corp,4/29/13,171663,0.123,-84000,77.16CAHILL JOHN T,Cahill John T,John,T,Cahill,,John T Cahill ,KRFT UW Equity,KRAFT FOODS GROU,Kraft Foods Grou,2/25/13,169745,0.028,#N/A N/A,53.4LOEFFLER MARTIN HANS,Loeffler Martin Hans,Martin,Hans,Loeffler,,Martin Hans Loeffler ,APH UN Equity,AMPHENOL CORP-A,Amphenol Corp-A,5/23/13,167883,0.106,1603,88.21DEYO RUNSELL C,Deyo RUNsell C,RUNsell,C,Deyo,,RUNsell C Deyo ,JNJ UN Equity,JOHNSON&JOHNSON,Johnson&Johnson,2/22/12,166718,0.006,-156,94.192LEVINSON ARTHUR D,Levinson Arthur D,Arthur,D,Levinson,,Arthur D Levinson ,AAPL UW Equity,APPLE INC,Apple Inc,12/17/13,164136,0.018,-63,543.75HAGEMANN ROBERT A,Hagemann Robert A,Robert,A,Hagemann,,Robert A Hagemann ,DGX UN Equity,QUEST DIAGNOSTIC,Quest Diagnostic,3/5/13,162520,0.112,3441,53.26BRITT GLENN A,Britt Glenn A,Glenn,A,Britt,,Glenn A Britt ,TWC UN Equity,TIME WARNER CABL,Time Warner Cabl,12/26/13,158976,0.056,#N/A N/A,133.76ANGEL STEPHEN F,Angel Stephen F,Stephen,F,Angel,,Stephen F Angel ,PX UN Equity,PRAXAIR INC,Praxair Inc,3/12/13,151910,0.052,#N/A N/A,130.26BALL F MICHAEL,Ball F Michael,F,Michael,Ball,,F Michael Ball ,HSP UN Equity,HOSPIRA INC,Hospira Inc,3/28/13,148371,0.089,-14965,41.18GALLAHUE KIERAN T,Gallahue Kieran T,Kieran,T,Gallahue,,Kieran T Gallahue ,CFN UN Equity,CAREFUNION CORP,CarefUNion Corp,12/2/13,147873,0.07,-25000,40.15ARCHER TIMOTHY M,Archer Timothy M,Timothy,M,Archer,,Timothy M Archer ,LRCX UW Equity,LAM RESEARCH,Lam Research,12/13/13,147602,0.091,-19483,54.16PROKOPANKO JAMES T,Prokopanko James T,James,T,Prokopanko,,James T Prokopanko ,MOS UN Equity,MOSAIC CO/THE,Mosaic Co/The,7/27/13,143580,0.048,24822,46.78BLAIR BRYCE,Blair Bryce,Bryce,,Blair,,Bryce  Blair ,AVB UN Equity,AVALONBAY COMMUN,Avalonbay Commun,2/13/13,143034,0.111,345,121.61MCCRACKEN WILLIAM E,Mccracken William E,William,E,Mccracken,,William E Mccracken ,CA UW Equity,CA INC,Ca Inc,8/31/12,133878,0.03,-1807,33.43DELEN DANIEL M,Delen Daniel M,Daniel,M,Delen,,Daniel M Delen ,RAI UN Equity,REYNOLDS AMERICA,Reynolds America,3/12/13,131451,0.024,-23005,48.49MATHEW SARA,Mathew Sara,Sara,,Mathew,,Sara  Mathew ,DNB UN Equity,DUN & BRADSTREET,Dun & Bradstreet,9/18/13,130829,0.343,#N/A N/A,122.44RODRIGUEZ CARLOS A,Rodriguez Carlos A,Carlos,A,Rodriguez,,Carlos A Rodriguez ,ADP UW Equity,AUTOMATIC DATA,Automatic Data,1/3/14,130085,0.027,162,80.07JAMES DONALD M,James Donald M,Donald,M,James,,Donald M James ,VMC UN Equity,VULCAN MATERIALS,Vulcan Materials,11/5/13,127880,0.098,13155,59.44PALIWAL DINESH C,Paliwal Dinesh C,Dinesh,C,Paliwal,,Dinesh C Paliwal ,HAR UN Equity,HARMAN INTL,Harman Intl,9/13/13,127846,0.189,-23002,83.01SWIENTON GREGORY T,Swienton Gregory T,Gregory,T,Swienton,,Gregory T Swienton ,R UN Equity,RYDER SYSTEM INC,Ryder System Inc,2/10/13,127276,0.242,-1142,72.06BILBREY JOHN P,Bilbrey John P,John,P,Bilbrey,,John P Bilbrey ,HSY UN Equity,HERSHEY CO/THE,Hershey Co/The,2/27/13,126685,0.078,#N/A N/A,97.63KLAPPA GALE E,Klappa Gale E,Gale,E,Klappa,,Gale E Klappa ,WEC UN Equity,WISCONSIN ENERGY,Wisconsin Energy,10/23/13,123693,0.055,52,40.86KNAUNS DONALD R,KnaUNs Donald R,Donald,R,KnaUNs,,Donald R KnaUNs ,CLX UN Equity,CLOROX CO,Clorox Co,9/17/13,123487,0.096,134,88.99SCARBOROUGH DEAN A,Scarborough Dean A,Dean,A,Scarborough,,Dean A Scarborough ,AVY UN Equity,AVERY DENNISON,Avery Dennison,7/8/13,117003,0.121,-23073,49.82BEER LORI A,Beer Lori A,Lori,A,Beer,,Lori A Beer ,WLP UN Equity,WELLPOINT INC,Wellpoint Inc,5/30/13,113955,0.039,#N/A N/A,91.3CORNELIUN JAMES M,CorneliUN James M,James,M,CorneliUN,,James M CorneliUN ,MJN UN Equity,MEAD JOHNSON,Mead Johnson,8/15/13,112554,0.056,10000,83.84GUERTIN TIMOTHY E,Guertin Timothy E,Timothy,E,Guertin,,Timothy E Guertin ,VAR UN Equity,VARIAN MEDICAL S,Varian Medical S,11/21/13,110015,0.104,4849,80.42AHEARN MICHAEL J,Ahearn Michael J,Michael,J,Ahearn,,Michael J Ahearn ,FSLR UW Equity,FIRST SOLAR INC,First Solar Inc,12/31/13,109847,0.11,916,52.77KING DAVID P,King David P,David,P,King,,David P King ,LH UN Equity,LABORATORY CP,Laboratory Cp,12/24/13,107386,0.123,#N/A N/A,91.62OMTVEDT CRAIG P,Omtvedt Craig P,Craig,P,Omtvedt,,Craig P Omtvedt ,BEAM UN Equity,BEAM INC,Beam Inc,2/9/11,104927,0.064,#N/A N/A,65.95POLLITT JR BYRON H,Pollitt Jr Byron H,Byron,H,Pollitt,Jr,Byron H Pollitt Jr,V UN Equity,VISA INC-CLASS A,Visa Inc-Class A,12/2/13,103252,0.02,8132,222.11MCDEVITT JOHN J,Mcdevitt John J,John,J,Mcdevitt,,John J Mcdevitt ,UPS UN Equity,UNITED PARCEL-B,United Parcel-B,10/25/13,103116,0.014,#N/A N/A,101.69ALLEN SAMUEL R,Allen Samuel R,Samuel,R,Allen,,Samuel R Allen ,DE UN Equity,DEERE & CO,Deere & Co,12/11/13,101691,0.027,#N/A N/A,89.74TAICLET JR JAMES D,Taiclet Jr James D,James,D,Taiclet,Jr,James D Taiclet Jr,AMT UN Equity,AMERICAN TOWER C,American Tower C,11/4/13,101671,0.026,#N/A N/A,82WILSON STEPHEN R,Wilson Stephen R,Stephen,R,Wilson,,Stephen R Wilson ,CF UN Equity,CF INDUNTRIES HO,Cf IndUNtries Ho,11/12/13,99327,0.173,-45100,232.83BRANDT DONALD E,Brandt Donald E,Donald,E,Brandt,,Donald E Brandt ,PNW UN Equity,PINNACLE WEST,Pinnacle West,10/22/13,99145,0.09,14866,51.98WATSON JOHN S,Watson John S,John,S,Watson,,John S Watson ,CVX UN Equity,CHEVRON CORP,Chevron Corp,2/24/12,98069,0.005,#N/A N/A,123.42JONES LESLIE A,Jones Leslie A,Leslie,A,Jones,,Leslie A Jones ,XRAY UW Equity,DENTSPLY INTL,Dentsply Intl,11/8/13,97892,0.069,-2000,48.7GAVRIELOV MOSHE N,Gavrielov Moshe N,Moshe,N,Gavrielov,,Moshe N Gavrielov ,XLNX UW Equity,XILINX INC,Xilinx Inc,7/30/13,95850,0.036,#N/A N/A,45.74CAUFIELD FRANK J,Caufield Frank J,Frank,J,Caufield,,Frank J Caufield ,TWX UN Equity,TIME WARNER INC,Time Warner Inc,5/15/12,95443,0.011,862,66.29MILLER JAMES H,Miller James H,James,H,Miller,,James H Miller ,PPL UN Equity,PPL CORPORATION,Ppl Corporation,1/21/12,88758,0.014,28277,29.61MCADAM JOHN,Mcadam John,John,,Mcadam,,John  Mcadam ,FFIV UW Equity,F5 NETWORKS,F5 Networks,12/30/13,86751,0.112,-16000,89.98BALL RUNSELL D,Ball RUNsell D,RUNsell,D,Ball,,RUNsell D Ball ,NEM UN Equity,NEWMONT MINING,Newmont Mining,3/4/13,78808,0.016,9280,23.5VOSS THOMAS R,Voss Thomas R,Thomas,R,Voss,,Thomas R Voss ,AEE UN Equity,AMEREN CORP,Ameren Corp,3/8/13,78413,0.032,#N/A N/A,35.99RICHTER KIRK A,Richter Kirk A,Kirk,A,Richter,,Kirk A Richter ,SIAL UW Equity,SIGMA-ALDRICH,Sigma-Aldrich,2/14/12,77834,0.065,977,93.05MCGEE LIAM E,Mcgee Liam E,Liam,E,Mcgee,,Liam E Mcgee ,HIG UN Equity,HARTFORD FINL SV,Hartford Finl Sv,8/9/13,76178,0.017,#N/A N/A,35.52LOWE JOHN E,Lowe John E,John,E,Lowe,,John E Lowe ,COP UN Equity,CONOCOPHILLIPS,Conocophillips,5/7/08,72470,0.006,-3187,69.66PEARSON DANIEL R,Pearson Daniel R,Daniel,R,Pearson,,Daniel R Pearson ,HRS UN Equity,HARRIS CORP,Harris Corp,11/7/12,69556,0.065,11205,68.17THULIN INGE G,Thulin Inge G,Inge,G,Thulin,,Inge G Thulin ,MMM UN Equity,3M CO,3M Co,1/2/14,63145,0.009,20,137.33NEWMAN STEVEN L,Newman Steven L,Steven,L,Newman,,Steven L Newman ,RIG UN Equity,TRANSOCEAN LTD,Transocean Ltd,12/18/13,61066,0.017,-2672,48.31BOSCIA JON A,Boscia Jon A,Jon,A,Boscia,,Jon A Boscia ,SO UN Equity,SOUTHERN CO,Southern Co,12/31/12,59000,0.007,#N/A N/A,40.37PROTZ JR WILLIAM F,Protz Jr William F,William,F,Protz,Jr,William F Protz Jr,TEG UN Equity,INTEGRYS ENERGY,Integrys Energy,12/31/13,52406,0.066,90,53.37KINGSLEY LAWRENCE D,Kingsley Lawrence D,Lawrence,D,Kingsley,,Lawrence D Kingsley ,PLL UN Equity,PALL CORP,Pall Corp,10/3/13,51247,0.046,#N/A N/A,83.97SCANGOS GEORGE A,Scangos George A,George,A,Scangos,,George A Scangos ,BIIB UW Equity,BIOGEN IDEC INC,Biogen Idec Inc,11/1/13,49800,0.021,-2239,284.4LOWE JOHN E,Lowe John E,John,E,Lowe,,John E Lowe ,PSX UN Equity,PHILLIPS 66,Phillips 66,11/11/13,46896,0.008,-4999,76.48BARNHOLT EDWARD W,Barnholt Edward W,Edward,W,Barnholt,,Edward W Barnholt ,KLAC UW Equity,KLA-TENCOR CORP,Kla-Tencor Corp,11/6/13,42976,0.026,#N/A N/A,62.39ECKERSLEY TIMOTHY,Eckersley Timothy,Timothy,,Eckersley,,Timothy  Eckersley ,ALLE UN Equity,ALLEGION PLC,Allegion Plc,12/2/13,41820,0.043,#N/A N/A,43.99MARSH KEVIN B,Marsh Kevin B,Kevin,B,Marsh,,Kevin B Marsh ,SCG UN Equity,SCANA CORP,Scana Corp,2/20/13,40258,0.029,1304,45.84GRAHAM DONALD E,Graham Donald E,Donald,E,Graham,,Donald E Graham ,GHC UN Equity,GRAHAM HOLDING-B,Graham Holding-B,7/17/13,31199,0.502,#N/A N/A,659.84CHIRICO EMANUEL,Chirico Emanuel,Emanuel,,Chirico,,Emanuel  Chirico ,PVH UN Equity,PVH CORP,Pvh Corp,12/12/13,28372,0.035,10,133.35BANGA AJAYPAL S,Banga Ajaypal S,Ajaypal,S,Banga,,Ajaypal S Banga ,MA UN Equity,MASTERCARD INC-A,Mastercard Inc-A,5/6/13,27207,0.023,-1500,838.1STEVENS WILLIAM E,Stevens William E,William,E,Stevens,,William E Stevens ,MKC UN Equity,MCCORMICK-N/V,Mccormick-N/V,4/18/13,22400,0.019,-2367,68.08PENIKET DAVID J,Peniket David J,David,J,Peniket,,David J Peniket ,ICE UN Equity,INTERCONTINENTAL,Intercontinental,2/8/12,18205,0.016,5120,226DICKERSON LAWRENCE R,Dickerson Lawrence R,Lawrence,R,Dickerson,,Lawrence R Dickerson ,DO UN Equity,DIAMOND OFFSHORE,Diamond Offshore,5/18/12,9863,0.007,#N/A N/A,55.52TOMSHACK JAMES C,Tomshack James C,James,C,Tomshack,,James C Tomshack ,PRGO UN Equity,PERRIGO CO PLC,Perrigo Co Plc,8/25/09,8914,0.007,#N/A N/A,157.16BARNES PETER LESLIE,Barnes Peter Leslie,Peter,Leslie,Barnes,,Peter Leslie Barnes ,NWSA UW Equity,NEWS CORP-CL A,News Corp-Cl A,10/1/13,1989,0.001,#N/A N/A,17.215DVORAK DAVID C,Dvorak David C,David,C,Dvorak,,David C Dvorak ,ZMH UN Equity,ZIMMER HLDGS,Zimmer Hldgs,11/14/13,,0.101,8793,96.65MCCALLISTER MICHAEL B,Mccallister Michael B,Michael,B,Mccallister,,Michael B Mccallister ,ZTS UN Equity,ZOETIS INC,Zoetis Inc,11/6/13,,0.001,#N/A N/A,31.99